"PK!|QyX*[Content_Types].xml (ZQS0~C/&MmlGf8q6)I]i8^^h!XX%K痛 do9I/g3o$x3wysrs9VJ߃@dD,Ȉ_2(} KK@y WcU.ίaAlϵ&4FWP3K)QhΓ1_,R
","e!$r2""EDqJab
`*WVUZOh",5>b,"m8PB*߷H~lXÜ}!39W3Bɜ>#is;HJT{]ZR","nG4=1Ǘu zDo#E0j8J*L ~v)CMgF6!Na=:EKwo5R%حvt_r2+(J%","6p:!eN't,Sm[-#;KkFF(?n6QWv~6M1X#T|e ZA9B.ٷ^X&P-620&7{@~ko`h{:EEZשڽ6Nif:ͣUs@jk6sBsȰ$mL^H=+s/͂_~ͩ*N[#*r\G95r̩cNsjS#ǜ91Ǝsc~嗽3-սgzFŎ95v̩cNsj+jtoөc.:c.nX>O7/FV8OfMwr`?P7#vy^SzǺ8msۍR\= egoB9@r;B/PK!U0#L_rels/.rels (MO0HݐBKwAH!T~I$ݿ'TG~","=ZMYbBS7ϛז?9Lҙsbgٮ|l!USh9ibr:""y_dlD|-NR""42G%Z4˝y7","ëɂPK!Txl/workbook.xmlWn6;BA_[HA6@XIRt K(z뵗>F.Ї",hO}e[ddc$I|f{1R]CUH-I5T8qrRHhޔ7C(-5bz%$.VFgX_Ř,"!""Ku0\=4W>F4""}M29')@HXe6po&c-b 4U,/r0gQf\G\`iQ8+H>'?2tVR0vH%5Xq
˽C'!VD4fM\
_LV*U"" qK`ȦnQ>w'4Um:ښ","渁F^LN8JAMÆT:Ihq&$I9X.@|ZK^`o(r[",Y+|,O[j?]@'p=i2ؙ!Ｆklɠuzl}=@K,Tzjv߇!kGG^;lhv#NaiM2it:;~D$Hj.6lB;eVB6SJŝDP,^cUМu.j֞;_|U@ʊn|2ng,b,ǉ,"8J95\VbsER6)8","Z~5%6[,K*L6e]af:bƯ4Ĺ%ѨsJk>vj'3!X-E&2!U|*nu!·Zɸ
a)dָ#OZ.d|ӫcL[ML","GQ{Li.a?Dkx)яyڐ""lXNLT;ex@htƴ tѾlYTU@{HAY oPO{r=J1=DЯXū9@gJTI-ƧR(/NA","T۷܊ܜp'iHEV5TBWB0>~ɄLޅI+uFE""NGVte#̦K*џ].y|buWg""/v""p,kfؚkق|'ahp}/oA';{!qX9P9YɐtF
wv`!i&n1*Б8X4cl""o`_#$6Knsz951 vH[W8ܜ[e,m;an0rBBv~v
Uk5mLuןCLj?HJF9M`I}e`iْW.(dDYVLݡPE**vHW\HA(E6=sAbs4w$>+әw՜$>\_YjE?ȡH) =:(8ęiuт+%.
""a(R bǼ]3yma!>0lĐIQvο?Mp)iYȈ&e{m:F`
7H#~6RX?ӟ{),I%}d6Wj bE`dkKVIX|3avfkk!Bk\;M","PwJ,͆V""Ր82l@k$h1aⷵ쉦58v\kHC1R|ڴڰuyi8:bG'h+1_0~&]&Ĉ|EgV
asN~Niлe YQXޥFSsRB}VȈ:]g}","σdUHڤbFh4M*}!",f,"1ڰEO2T#he}KsvS%UAnPڌ'@CH!&n~ljN!@jf-峒HOL`׫L!k",",>5l3P*&4&ENmn*,*@zWs!ٌ|z,gz=5'cl,E/A",E$7_l/N,"H@ƭِ-(l`p`HQb/lȮ%Ͽ,l[N0EbHjJQTX$xdc$){|#-W)ȮpI*'"".4`5OӣKD%yz;ac3黠saC""rAq^ju!Qq`yL7iqfkNzr'J@","(MQPPW","jzL
+^plv.>1eQ/kІq_D)enHk/ӟS2WaW綁'Ttpرlp&lllǳ",?=UsxÃoh:uhC':tCg:СsСKҡkZЍНЃ=Г=ЋЛm퀵o-oK8-sK8^-wK8-{K8޷-KlKKl}V(_u,"ǀ_H","\h:)Jh$ڍI5]tVAh7g#Uj8F~`2Dnf","""\Œc>i7RVKl2ow[igm0])G#>cIyf~","d4a""Yh0_AFJ|XPq',lKP""5}Rxxn@x%% +sďG flW=X.mK^W(mY:m|pCl&byAyTF$i#6F* vMY搑vNښ\xM/W5xHl ү
f?\H@?rH]IdV$",",LaO6r?ڵ{DsU!~8*S>p獟}3YDƖ؂ңI6ö:_Ww""EL%1yr77]Q!_1pWoeo;9o2L܉inv""","w4=w3f4Q&Gst\HWY","BIjR\Dv\đpgQ4r>_C'u'Lzxo(O?jUuNҟ鷣N%zwgۏ'a;SA=hGB&6һ.C=uɂI^B\/a9QkfߟѦ6$*c\!7'DxAoKkq^.;>#dxcrA9Y.u""+]4s5'NLۄuY+tЃ.Ru""!DHhU^z`jY7ՔOaҨKŊR:",".6BJ#:7cм!6fsuda[85'Z>Q!cd?:R'Dgvꆙúj'
dp_!#;H*l~1D
0_dԂAiƶL-ϟ/+zz%bjhʪP]FρJoJҺm9f뱳cZԈCvP}gA=HZ",dulט*SܺK+s,"bPK!&\Axl/worksheets/sheet4.xml]o0'?D!uǵqNgh;@PNb{α^h
]vAu)UA[trYI]CA6v""$Զ kQ[lW7PHb*Vq$X1Q020tU","s7
jBH0=?y4U=(]jmRb{1^)zGh+Era","HwwW,IQlA!""{b[$ͻYَK%vi/[]o+""Cxwgwq\pÑcX>'??ٙaqNփ7i=fw5uw_\]=G6>|{Ҷsvuo_}xPޥޤ7FϿnݼQ3f|)mG}hW>ڗ٣,FUQԗ^p^3G6(rveEn_F[F_FuXF*3\RK^q)Gk|%G(Ir&G?.%R9rbO@s%.M@{^RSx>Mo>#SM4̧ߒE$ӗdgm`μ
J>ӫҫF٫6&GR-hK4fITȡzϓLU2g;5Q:""zD7!:EEl*#v9 =OW9Tl7JpHm'5t79BtZlӹ%R;r{G_n%@3g;5Q:HQ(Jg#R5(Y3])t u ʜ*ų:Rf`g~5:s,}-۔Z/ Eh8bP8;0b'r.;Or,,tV8
DLMY*4xwzK"," #w/q}9""ܫmNMk_̜#f;,9UXw:FNpEreRqHKe""pPLRZ+)b;WK","^HUlփ4o~f_Zn'U
JAPׇ̼WnX[|i|႞p\q0Ms'+V3I&3ѩJ5|kQuk`o[YGyr*ͦ*)ri>m[+}d6omA3cd [[rʹTG#Z߿*NpҙEaVKUd=Y+Jv&xx1H
\5Y",">HEDG&+^ZÉŧQYQ","_D
Y","Y,SDcV9aecV4:aEcV:aTdINg}TtHL58*-enp8pN^o0dX:@[vBQnYslVN'5Zcd","oR
鵏^jb","4hj!+_MVPFNrHOŊ.ALG ǔrCj؈p0H׮Fl<2@7(bKy푍tÙJImZCAH)w}\T7P6+Ip7i¸@߷","$$Rw9","m哱ޚ`521aʹ^dw~rf0Sݼn$c""-4P(|
.pF85۬
hѮmE
u/R@Q8
",Y%dNB,eҎΣ;%,"Vc@׸R#&5*2H q>3""AB*gmi""xFѱm.O1msTMD$MMV4Z@pЂؔ9YY!R
۵r1h՛`NL.& 2-p>hҊ9gfPC$UR3
""d  Ёݶ&KcAAfaAjxXUIʦEz
;*\""
3x","V#)DJ^AJU%OŨDEyWR7FGR:H""""B!mH@[C;!y>PS8 C
}f߶(gFEQSD\S(Ryjf~^I|*%5\2`'S_e-=5B${""8t%Nteơ&|F3sfǂɋ,x7.@ƑȤqF_ɶhtW""TU$8@d2?*πxl/worksheets/sheet5.xmln0+,V#""Hijd梒ޑ%s0XH3CR㛝d","SCJ@sHրΙ4RGo&_Ʈ$hҥ(_bmJ8RG\iH ^д!5Sík7y-E4ů)fWō*1R}DBE","dg9/8S6&0`D*L6Z3*\JQĊϰ'ajEר$4keY7l%aA'mgxNƹ""N]Gɸ@lݛ9qr{ڥscV{t\2d\Z,J+|O","^l)zτw5/@Nt+~Ju0Lsꂲ#YcR%q4oS İ~{g=1FmpjY}d-ɡ`k[Y{)4$x~خoE)$Qܥw3r7Jt9(a;JǺ6[n9C؇]pD0O;y]",Mq&m,,"O߮]]>+4]o^?POTׇڔCC9-v>{TlQA-O[","BXhO'%+5(@5S*JET䆂cUN""","Nl/|Qd}h:>>!7QjGjms`;Z{""wbR(ɋ^8Jɶ",,{2O%%,"2""pPgg
PʗZysru$;Ws","jOR
Yv9O(HJ;ՊrŢb޾Bq &M%~ФBxvOk}","| 23r*1}\o߮zn`߮Ⱦ78=/\г%!/HNӇK5rӣSˮ겭s}^vٳ2wlys4ɍnG?~~fLiwFc6omF&0$NhHn(s1%`oS,x4(0j齲f;9dgJw&rpvVcFsTH7p&y"
"Tc1N6R[6YlQ.Xc&ѰZ嶍KBSW@1dBtDW鷽U;s#dV#N+&.I4_߰Tӈ6YD'9`nF8ܶwKg:ˎe۶#v^J񼥉TTigllm!3 {J;l޸,p)","R gMODTwx脌h2'-&.=0h𛋌&Qb$㤑D\:1*MvMBܐdt}",,"B`DkKiBg7`G颉\6qDG5nKd,Vж|w*ƀ2k","Õ,BEWدFޗΙf)pOP#F,L+cߴɂ,i\lN\,ʇ6YD\E3\
i&.*8SB0^JڸpƀWr]oj6Wo
=sF2ga2Ƞ
M\.\,/F~%lrML""","`,Zlq-\LŠM6lqM\LdI)eOF)plqM""{s2HtFxW6oORk]7lQN0(@n0XET|AmDi
[|ϗja9fTԹ|Xnʥxؔ""t?mַ聭y!Q*ݠ,[)N3[߈cZo7eMzp C.:7HѓE|
rإ(G%tCWHdGrN9kEA>Jj7U(5Wq=MG׾[|}J7𬩱~1Z
M{~3JGfU
U""ǠEO7PK!Wxl/worksheets/sheet6.xml[o0'? 0QHUmvgǘ*8Mi}l*V`ܽ؋ybv}䰊ʜW}n ѤI)+kNfØvP5h]=&HʚURH%OZ1[!Qz",kpnK]:YWRU,PgL57ЁtQz=qSZGT(h`G3R-3,"ؼ[wʁ6aD@L#4Y]R*GC9W:C;M4$i\xl9TXKkR1gPCEepjYbb%n!P͟dh%➯7
J>ʚJ~ C궶w!LwJV;S/J?CU
!&(}NΞYd[jH7MR,Pt/w",";0d*KH́
J2۵HU&mnh$a]v""~j""`c?",;i?*b7pO_nDqMF.4v39PL]k2h1(֋4==GH$$EYK-z6ɺ,",en֩K|wݿ˿n>ݘͧ'7?N","bs{71?1#zh+ѣD;z4Ƅ4.SA=Jh/с 2kGg}gas??}o?eBf-|#ȃ [A{sH","+y2a1݈*S֠EPm/?񶺻o^Z.f&>$۔>9S~қo{wuJcR,FcZC8w[e5e˱^,ǌb@$B#wm9^oͯM(:]U48""ӻM)緛|s?Ͷ?}OG~gv~i헞:6ˢN{|/[vZyd+ȣ ;A31lW=QxYZ{*1^k˫c}w^{N%%Mzfq7L&
jk΃U@p9༤\pfzJb7KOJ=(yd+LZwg2RIq U>eGSմ>jLM'TSN(({%.",qcg,"U9)W!i|ϳ{$U5﮶| {M,ḅ:اMp,Upi9^@>9/BfQQ)1vV=&Bg.љ@FD$GΘ "":8.alPp","p830npea!!6/:{Dx^BFagqx+,T4*Pp

ƏBSGs.قǩbSt}hssi?(
7
# ",,"~+2c'1hUiQCp5=,dA]iL|+:8ǟߑ.F1۪""xw",":%HB""rIle:0wrL|z[JN",S|?x,"sJX^/Ǩ>_>Q8qaA0|F XNa$9^ЦrABROt
+lPH]GݯtAfD$~GraB$kiZu
6(l.yق6M 3""ri3
Y[脤yZu
6(l.vxقȶ"
")Y^>K
NR>K\}Na,us]DDDD=AtBM9L?
",jdT+Q'QO,Q!xw{w8-}(,"Ak`yVFatUew*`ԧ!,vuSfi9אx2IX,;o_CDk`63|vPZȡszu!\`9W۾a3V","(U]z嬱*/L)$0)S[ɝ~ihn,ABw{U1^zB!Qi'رDަh`(eYۮXdaS.D8c_}OH
G`/-cx`rOĮ2","9iϳ,ɨwJ52rmvZ_Ӧjj~I:Ӷ@ZZ{ v߇{͗ջo5x?{0&Qx냀_S\*s&?PK!˔=.xl/worksheets/sheet7.xml]o0'?X'C UjSU6V8MV;v>bBQN}j/JJ1XɜWq7arZʊ4Z~I7JxcL=}mړ5`JPjZ1 QaL}Ay\aȢV4Jj@Zw}>+H#љ>3%,I7]&~ΧȆT=ok0%7g#וTtUID3W7>LW.f=","FTucr*Q!8&
؃'{]R*d#+QQ1x\-k9MRH5;Nѫ)=peҕ6,C

fy7
sJ&#abW)""0PUN+MHø%EaD?.g2rνB 9+4","nopx޵\1ʶpbuEBF7L,>2bܹ^A9-/b$Ѣ_PumyLHE@IjS~","l4H7\%7`.]NG_o",CVew9,"+J)Ȇ# S}nFe[oM5c=zxx޿ܯΞ{t>/S7|z9>!z凓lA:g|]Iwv:;.m-ji_~",,"\U>rb?ǬWw?לGg'߸!Ơo\R+~bd@qux!:z{wBpqt""~93zRhcF!?n*Btď;-\3gᄁm:#gVA(zc+/`p1Bpާh٨,N9axG/Q3'gkX+Ȧm,G:߮r U62UY
+Vr",#F{X_6*Q>A٠pc2,".{%
N٧\h BkeoaQWF*{+R/ܣY|>ht>Ax3ɲ%h&2A_( Gd)ًˁilClxrjKzjO1L6
~2XQ}O)ۗp??=|:?lXfp6h:&OctdȽnc0
K_N6GZs7B[0pd!w8A""
5=^S}UYNԚA)-&XLӹd","ilZK)Q`b3LT`Tͱюm/G:~ruJ՜<}Q}c8""\VhϴV)","㇇yzeU,'aq>g
d>-a.0Z%I[i+6+dLޏJ9ŝsڄ)TLc8sٟM:R&e/Mr,vix[ܵn|E|f!","gH&=-C~x2mIgw2Z$aBeRJdVq%VtAXE5˫\xE51I\pE51Њ","-|B[M:&F&tYېszhtcά0dEG[6:̬;*Ə*Ji}hJ#$|x=Hsd83ީlZoHWLoVIier6%TD,ucc'7Hv4Qncܕ^}Fx_gjWfxo PK!QJhxl/worksheets/sheet8.xmloo0Ow@~BUJS5'qd&ݴ3`F&JR7??wXDrXɜ}z5ISiZ洐%K#wTՆ1Rz;*0A+WnY","++Uj#?%js5!W+K+uQW,퐏!WHep8'xd%Wͤi,g","6mU[Z-$=/jt@`Q:^@3-$qcς}6޻DQ8Md=h{'C""9h}MzKCPyΚ","Kag*8R+:k#qֹmY0n![xC-1A7bsnMsZ?[mo+`%|Y-4(%g[&mpwHRN8ÙG;oCۗO?|_|[ŋo~Ey|,/>?O`^M2YxL(0",]#TKh+FB;,[(WaxD$#tD~;G$~.GqDMx,-D@@,"=""$","$tQKh-!{nL= U#RVh5[jXPGIHuLz 3dnuTq/.7/X|VWe$uTrm]Mf:fHE.rD","2~0@jDτL#EL>s\JqފPǧqG)r"")3U_}2g'SrWt82='^=""=""?yD^]U-jqZ2&X2a]FWFhbEO8C5a!!d,dxŇԉʌ~?.HyNlsiȕb>Tǥ*TYk0OrDJNV&L9{3TLw""Ƣ''Vh*","npEN)""9Iq
O_o?~=""MEw/yʶh_qFsV8XjVeq4gI<Va5@hn7puNZD=w){X~X|5L5mܫY6+`h`",6,"6(kPN@%rr8O[fa_`KajRqViLVs-a^5""#dY","xt4$*$ݫJZg$~,ݣ~hc˙hÏ{00fT̄BO;ŪAIxvW+fcyzƈ *","v""KTQ(r5j3cDRf*S#.2CH's$Rd+F ;`8C/NИ/YY^$e
,czH29E
2y',#(+3","c5QOiLӌF(afTB","3mLj5c)c2UFp%\p{f
fc-YJ0D`8[@QHZ[-Yo!O,,BXDA:)($po.ݹ$S}3d5ri%%@4ʥP.M{̥glq3egԆ)\0L)Ch=+ofL","Dg)5\1yHVBvaJ8%p(eB","b$Mژk0(i!ՠ0ISF)O&wHk{dT+RJ1֨HYY@",@JdBqR[HCqRGs,"='=!Z%HCq}ieIdAqFJ"";hZS>ִPֲ$U#X˦#1֤n~","5""ဈ""mVlV0v
!j$!4Q|_VEVK!P^Teh<*
!f!:(Ckߦ",";Engp8wrKC_:{)M5C70hDNq5ٔ>","Lh^Fh Mv4B&;[a69y!5B>!!uwϡk_5G!!!lgOFƿ
ؖliUDU,`0z{J(V9lڭ^rqDɇA^%""/`emy1>twEMH4y@x(É",0sT펒gК-:qH@݉,"^]cϮl0MTf%,yGw@.4'}p:oox0E`1&|/=¾$E}+NBPbpI'oG+=sفr'Dv!{Kq4gH""QE=W_+骠^`6|",iu,Z[:!K徦,"6""g9a*aFӄ=xӗǋ\LVUF
&\]!RͲH`UnC˱}[YW
UIA낆FH(we(:*\f-dez\sKt]P*MM.m(z.(+Ujte
ZPMʗU!ڴ#P|,v.R1Օ{PqZ|Aʒc]>{ϧG'WɄtJyW9.kSuJUZ4j|xs@)v""y]a_OE@jԵ?l'HM","PK!cv|.xl/worksheets/sheet9.xml]O0'?DoM4ظAM"";ۥe8VTb=>x=P!hUj!OiR]GwjCPh7-`e%$'u~AV0.Z^|i%Ѡ_mVYڡp!WHep2Y.+a`W","!zpgBl^00Iٓt@x#T?ѽ:B𻜘VNu_o)h4m)ĽyF-inl=Z߂
O61ltVU}@!Ȯ
5>Nq""t+([o4ć\=w(KqZ~4y|N%585;)NiK%/U6%UZےr^,","f3h3EÀedxҧkCή@kc84MّBh]'pÊ6""kLL³zy[D>XsYaqQ'uVgnɆQ~|vƽ[$0v1A(A->1A7`Snč㬟rZZko+`rb$]@=Ʋɕ-HmEKr9sf8\ݽx~~}{6>އ?W2`P>|o{+cnw߽CЂBZRhE56U^p ;yH Azh~uoxicw/eȸCv 
5:$dMk)4qPB3
-dK2NRåL9ZPBK
(AH+A","$?X7&QPB:zjߨ͕9ڠ| z[ۖz۶Vs~՟goW+>ثO!߽^NpjLRS1tgz_-`>>Af-u}hmXYckI;ֆ8+y}G1e˂}:aUS\ʲ!rvyeniN\:1]w3c{$o΅)*exeDs^9,3TP80:m?/plкȄ΅Mh]p襪G?|[NvzuUdpvJAh_ۅPB;","nw)=:f7ΠtLY=ѱ
_Ǘ!!}iJd.aN]$Z;&ZN,d+dOLioěo.(mΒY zG/^ /'a>4Laxsdڼ鮇%C1wɇ,=*pqӵ{
","5NghS\IdsgCa`RYV@XxLEp&VxcFu3*UǨOY;[&Td$|jC>o;MX.gF|45",V,-(4Y>,#4Dt)J,"4H44_x8@.M]9ı
I3*jXqSCw[ʟ2yyΘnI|]*btgǄ)V%TN*D*3ӄЄһ`g","#UPn_U&PЄ`
f[Cl;!""VqB_ZPBK
",#IepZ_H,"WLiTiЉ/_
샼x~D{TjIoPy]7U
z*!BGxQ#oX*\j_@Z.^D9FWI2P'I$tNR'D,5I$̴","7޸4kZ.UuAu xЬ
bj*T11bw9wh&TƪQ$T&Two\uA5TTUkBuY\Wւ7ͺ VbKs]s]!z{1z]^?BD+H.Wd+]uyWabjрVDs}y;Jg!^*Z`&T}ъ(b/O}`=zUKsLYG/T8""!fhxyFY""!fQ^Z^7GLD+HY&&U"".bՂhE",,"FźGeEA3V-VD( #̠0pfZ""!fQ88!KcrQ$,Jӥ%L_>gBhE","1t1t-tɥEZr""Eizq""T-T,BU*fQ..E.ӅET,Jӥ%6qPUEiz(6j*f""U1tt,fBuGcՂhE",,"tIv.E|ɥ.D+HYKmpric7Q$,J
%fq`ՂhE","1t391?fhH1FC:@m7","g'\̼ѐ Aj|G3C!lqoFtUQjqoF$9:amDJ4qOk#RD{\N&""uڈt2)Fb̵-;/~0'NJl'PGDJHuXB)K#""%ab","uD:L,X%0:""Rb&PGDJB/%6K#""%cb","uDzL,X%1:""Rb=&PGDJHXB)K#""%cb","$%6K#""%vH0:""RbLQO@B)&PGDJ섉%;ab","uDNXB)&PGDJ섉%""AJlo1bPGDJlHXB)K#""%6`b","uDL,؀%0:""Rb&Algz:RjՀ\5`r/#eWHMm*o_>_Mo0ǿJ'MF!8Bm""88.8U","À!ąI 0Q'","K0ohӆj'^=ܺZk6/;0g0?{L4]-ZMI
LFp؃.I{k}I\`lKRd}""b:~з)U`Ą(q[_,(ZC~8=mJ>'D[>հ5i?'dQqg8ic6#aR.o`J3-B",">㸈ɿN%9vrAhv:t&EfY4H

9tR+;mɎv
(u68#WjV\:٩f؁8N&іvO$M\:v3!α;_?opK8_(j%Q}xJ#ifD","4rld_'!W&%C:^T4KV
NQeCYU%*Jrيjո}uSSfSrN:ܰtxeMK]rmK(@I+5=Uҫ9rQ^!u׳H
ǣBu7Fa>",0QOAJu#{QFk*zQ0z2p䧷wv*.9wvB9{ϷE56YTuO$~`aPK!_jK^bxl/worksheets/sheet10.xml]o0'?X'>DVh46vlS;,"0UY|@9]DX(LW^`u5/jl̓pj[si[Hoy3+mu׬c5Vaq$EqC>Z",o5)^bۍڎvz*Cs&9BhW.bZōKxOU,"'Lّt^2NeY$`ae;QG> pYATFa卖 ^xߋ,nwgIAJLߑ$k/o]kuϨ}/IR ""K;Pxa\r;QKX~MciaWt'X**)$""äHsM}\7dLKP#R¿Q\!}(|d3{kܺ:#> ^X=ip"," vIϢqY?$}!8:SZMO;9{O%pꙶЁQ~[]+","`q8~w;KyΫ ȑ$
,Epkw%{k]]$","{\k.4Za
=$avuRC:}VuIϰ߈D?pE~apy]{RNS)
h GJ2
h rۅaםaS&AѪ[Fƍ&l~7@z>xrBsk|Ɓ~{邔1
œA","Om%ugnYӪvSUinu2m6|D0?}ݰx[3k3%nj!YQ7y,a","Ń։r^oޟBeI^Hs1hs$Q-%ni4apr:->
o9c)}v|Ǽ(δec>s1GI紭סXcYJm5yٮ]mm
%UםJ(}RIdQbH.N8T]*ɿ*~%rMʵe(\fcJוTQR\Ib&%r@HIIձ*1Jj4+2WVR:Y,פT(MoNDH",")$)$P5,kR:Js\4m_ٶ JmRԾ;""Hb&%F(CY!1HYd$嚔VR͹iD17ƕs`b&%r4CLRSJ1'#Y,פ@e(՜(?J0(Jd\RV+՜(z=Q ĕ2&
Rj0rMJJM'+PR͉B1QHH5))=QejMDz|kTZA!:\^kޘeg(cV1гܚ>bw#wB,""F\+7=FDQ:Y1S7>1@2""P|3cw(߁b\Ak/(E0@'@1i.Π5ssFcs_c`,(F?Pi36}e`l@1ړi.Πz5''FcWz3|ɾ(ɀQ'hOzDﰈQETkjuVV㠽!Z@j\תx""D5|(VUWA[1v'ȿ-1VP","j""`DVs4{']Zej/U6l?@o,lje","M/!ƪU^fjeT-V}5FXˀ2mzY01V2`DU(ڦc*/3FXˀ2mzY01V2`DU(ڦc*/3FXˀ2mzY01V2`DU(]BbZMnP7)b/RuU[$zZ
:,>=Rqę:\>|9V窮OFnC?745ￗΦ_~~npT`0
8 |u5DiiYQ5Fi","*eZc֐O1JiigE5ƃcc҆&Dڧ4(|xplQpHۤigE5ƃcc҆&D6M;+ʴ(!6c65A%viYQ5Fi","*OΊ21JkȧwMPŴ",",Z14$i6VL02*aML　JfbhEσiyiC+Lc]C%LZѺ`d[*aЊ#XPE.+aQ2720:Љ*#XeP",ӭLvԵ=:LE#-=il$ēng*.=ۛIF3ŕL˦[#홊F,"DneӭLE#uq""SH{)tk=SH]\ԭdoc(F7L6Ң(M}H45R6Ң(M퐑
?ӴzH`",*񙦍ԋF#Ӹ#A%LFE#iܑi#4HP,ӴzH`dw$iHh$02;TѴ>dY]mV^bUZ!;ei)紜ؗVUoozWMo@+f^'ql˶D@EBT,"!:^FMA%$WNƍcJU&Ӵ~(xwߎJH5PD1C$D#A8ϊg2C*UYєjJQDM$2*%#q2̴-3%iLQ4}Q\qQ1(E1FufdF9CgYVT
=n[~Ov2SI#Z^8$C!/*#c",izPD9v!yJԫ6SsLJ$%C]xI|>j,"ݾ:ֱ2_nU9f\dU9.WBmǞ՝&;i.%.̇;ۡ$lwlfԹUͦ`5\ڧ9O=A.(Go}h:l@qI.G",j!-KWU*f%,"lh|Y{F\DѨ?sƓ`l|_~4","sHJ:˗ۧǇݻ׿>5gWݽCw?of~ê{|񗏿xC]UzcuO0CLɑtmxƇXi{Z7ngmaР1q
ad0PuCƮ>N:ljiɜ953PTz:::]
/˯D?}tMJT)bjY$j&L2Fm2E#>hr~zI׵46}~M9[{՚rCphvvk[A|hL5Y>Eeҝ3?R:&Q/]:w2 ","x\n`~TYMצ*He1\av1lOs7=E-KL>%btY51,Iv&nڱ!OPe1_n`
e٩,
8,Mn","C榋h[Ι|^-KĨX{uiޓjlN)b[nb^b\p#urиd)M]Zfy.bu1Ow8zn{&{^(.Ynr.C. ŶmXX;lr
^e0fTv$+c%%Bba$^ڪP7","B?ssn7ܕu?5)\|kМқ4nîs:@.c?II0TI0ZbI>Pp1TU!fz7т9urH#aדVPrFa`ẻܦ+hiucI$z#Bǜ}ɲҳoJbx^0opF&9DB$FLbPxAXMUNMouv7JrXRh2","\y~ȕP;*`5`d`","%(6zZqbKOzdžD4Ky|u@(Izi!xJO|VKAg2ɗdAӂVIJ|<L3yP]aBOzZɴ^""xC:,o","%38zZȤjȃ6kq&$s7zZȤ^""
$.3
K(I=-dRŴȷYa/?#=?E\dLa'*=iYN/1r:e$SF1ũXzLv^bJbr djy((ғfZ,7ҹcq$BɞD[V2[U@)""aTqftZ-""s
a'b(vrZJy(8ejiQZR3[$Sa'b#vŭ4E2Yy(P;LJւE]d=KOuE%;#uf2","̓E=ғfZT-)L̓E1E%#ndg)*dNAIO:E%l9قe,)%NN`dMy$Wٓ8di%udlLA`'J3*v%cd
JK6vR*lqɤ",.'_1CIdn6+1ˤ,".MͭuŮJZI*T'Mv-n%_.I1M
MʤNZiQgjM^[,Ar5vR\2?c'
!u E2vR7\2c'Zp9ȨN:
!rQG4+Bj f;H(ԊK:xa'Ab2$$Ys߱҂BH--d-=䶴RBj k!}f${Cr}>ib}m=7A""lYg)a","Dedm=O""$B[}>=.DsA""Yg)#Pg:}b2II}V#~1Ydv9Ȱ}i(A3H@!>p9Ȱ}i(. z }Rod>BgBH}ra>P\",],"8ϊg""z*eFER㪓3""xc!","-\\X","}EJhK6%/kk\J7GjuuX˦Foi43Q,2XC`$-49%⼤HEe""1r,F}K2&w 즣BDaVujn5(","UX_R\Ru+-pNb_h.#Q&7kaZ),","ؙ{sYg%??,c8WP(GοA5)o~=xKRbp{k@MZHi.w'R7ypN1
99ӿT=LݚKҁOc&",PK!kڡF,"xl/worksheets/sheet12.xml]o0'?X'@""TUZoikcfM=vB`BIl?~s|2~8
6B&A*E,#ci]JռGn^YqnjSQ⒚@mx#%𨗡hNKHVaEPRQ0ҷ0b!*DZoVbcNCyt^Oz.$NG+}R0Z؀)6Ү]aOn1*^o7=o\T]$=/k鼂HJ:hO.nLYGM;ZgT|_IcgXr'l\h+ګ=qMԋ2\\dOWLWWY:RBhEAy'Yd !85γ|QG2z#g|o.o+.$_\U[Wsn38x^qQvW012l$:sOJ/u|eCJʂ7QU 7rq #3Uhg|oYlHأd`@{-e!~}Hץ
3΄!>}g~Z~*[ܕ~&1 V%>>#tXn8㈤$$#/s]LRh!K4""R?|~?hw;ÏjaJywS,tIvWN18jD.Qz:{9ΐn}4Hy=eIC[E}mMZ?%?_͏;.ceiRF[9̠tq-LEp b;?0QD2RSfr&-!
K'9sL98iCDPA\0g-XE""WJT✿p ySR5v5?I;uY9̠Q$a)ĥMjHF",^&ab$Ljr.ЉAW8m/.&d4ldAH7!U3%ߕ|Dhjj`+m˓KH%X#4:浚W^]V˞Wԇt㵲r)f,"nrGDB8yrpJ,hcjrF,R\,/9c m$r.&V`
URzU|H:VAͨ[yezYuzA+򣑳VO\LR!hܞSlY","zlKͭ1[F>|gh},7^,prGK=+nןi-Sn0;MtSmDj!qpIbaܸ !>K?T8Hܸyof53.V$֗",11K7`;)%`xs,"KߥۋktYATU_Z|NP
u|5ڧnWZo",.!4t]r]?葒SyI0dakkn)=#Ngv48cOI&I,1k5ssN.2}L&-(׮M6tn#7Dewټ3n`,"GTP
`..w:D˼GS_Ҥt~&4IfЅ&7߼!kq4I#.ƒM!WBgp͒1Ѷ+dKUoKY+J+1&ʘh=rETMBȂlGlʧI>I}J$v~&$Iw3h&'d","5,qDV՗rFtԜ/J'mwS:4Ӫ~Sx+VbΛl4B)
z3/KtÕC7>,z|H~;?w3VHF` N ]bShUڼsk`襕Y$o>J3j&錧mM*)scf!ɴ[n+jJECOP_$;FKz7fALҪLCFD-
{mNws`1הD^cNHw7\7jfL=HKxr-LSf/uߗx7s1GJҦMU_+O!Jn檱0/șoS-)Vt.,XxT_zZsD&E)>`:9z-[IU%,cI1fR慄K=:][g%-i=bKv","k] 0U_3.,ZXb7ҙӌeRg\q5RQ5+8&u#B5zOcĕTׯ%ڞ_ZGVZLcC""p:FyjưIea#T{8g965oW*a+-%>ON%","W򺳝t}3=?glH1,9sBZ]ȡtO@VT=Ep1r(""j:6$1sO
g:u&˹^RLT!`e'3RPvt#v__؃[ZB%.O.nte&{T:S&V_Nxv=ԕ/ϭfp
>JCn).3#V}NsSjf(yF#(~Wl5*gՊKOGF[","g^E?%ww9ီ3$!yT*Ili?ZȻgܢLuз&|_`;m{FQ+0=A6>TGFmK4.vwi?+MJ{:E|,#n>kIZc\rf",",:8Jtڏǉ9szSHt+Jɑ1BM/?}zz}xWX 1e)ٮT.Y4dꑁ%{'#PCG4Jy6xHmPK!pq*a%xl/theme/theme1.xmlZo>`qfɈRXV3#uG.o$e[6/
Æ}H@L]/!y'ɑt:r",S7#{pʈ$TIno2»1,"OCπnBJs;q'@xgz
6}
R)@@bB
!fG9:ŴǐɹBWx7D嚹ּ'SPo/k~z$5ki-[д@qvҨ]Evmd+VY߫:x2
^촛uAӓR`S_@ƌ[oUrְ.bRbH22s'#cl1CXRxɎN7^/6_r&tbO7=ן/l?\ї|էϾG'%=G6|'Dw:b",Ȧ7]9F8vfh;ô%=)3f#I/IV8lLL!;k$&_ދ'ΒLy.㌎1QB8.lm.$29C>,"xjзGu2C^ںNϞ_a~1rFCp(tȲzM8sgG#Ak1=.B[1a""","^o}5[[(UI mY#JTǦ(6tyO!@}
:x%hlHC4'Zj!>U7.7:ka14/cg!ɩe)Cbs7:^H@Ѳܰ]]{4Qwd6[wvDݬdQgVfK$[OU¥MBbNE""Ec4dGؒ?>'8ih7(RLۢoL]uK)6nkRf6;agmS.jUUW
k[W:iJnΠ1O[6sg\UKMK1%
",gz:>'M,GSp,"{~Ƀjox-.ΖjD,;g;*i'p/b筃n-ӛtc~D1L5D1)Ux#)=n?4zC*f:f]Y/|zy?ڱ?.ǣ_$5""L@Ɂ","op7.(6""=k3=.[ѩgNLE?3qdnb0܅~~BT34a%}raQ@-dd9զLM!݂te4rT&j!LjAOp4z1zdכk[ymO&'",,"HkDW&7터@dtj*F ZS6PU!wqww'ކI2gϹW*7ބ2"":%P84p`jb;0=Xɐ|?a]xA)(Rƞ=(JMtisY*g As8,@(fXsniYPXɽψF@1L{]ߡW`>4
I DI\+Jwlm#0F;{kYu]b'ۏi^^:.߻[
R(樦unZY;)4PVZְ
 _]b+s2dU&Vo߄R'Y+Rb![iWG*bKZ ZRbMR03T$2KCuK3XHQX",";hV| 
v_""gݔ+~nZ47 +VgP2r+#S%G.D,JUK3δh0lꔎܥc}c#Vmr3qHC*gO#h>ٓ|k2HRU'ٱBj*Lmq*
DzMK:\TMnꉕ0*""Gn.Nt5%.vEgF&>~@","./""%PIm\1(\콡d@QBt%Dh9Â)u(?
qm^=A+0?Hj@1!43ђ-s7lʡj
RMQX0}-Jgu+;(Q
9#FǺ%H。WL}dVhk~t8,)?pO~|#D~AxBOؑ'tN4YTM#C""""l-`00jFrcقh1ډL eh#]vn!&bm@_X'{ԬWY㡌cJBc!jjŒI","'na{'C sLwDb{&fh|虠d
!bCŎSOAH
k ,!@{^Bؠeޝm""?C`qNmXyXSb#+.q~0J^\jKsEJ`C%*TT*(5AW]TgC(/#S(ß-XVn9R!(@w1j
l`{E/Uȍv^Y'ʂ]ڱ;!N(K!W$pq؝r]a)t]LR.K\ڱF^T'oSᳯ.]N͟gRMvKj*\OZo]aWUD)YSlWG?ϯ솢Sc"":v~J37A?NVl7;Y",#sjFXVK-؁6mXj3P,"ZVOgxnwrCI,hcvy7qQai{S2ǚ:nMV]a-yA+`XU'P!)*vLnIJ*=[_2oI7o?lLsw[YuAbk[+*%","R\4!+D\;dpa+HHI TqAd]Lf`}22زRXzkmP9cw""v:յp","zϚ6\

$Yً4D)ALpqu&","g>
R!bܷQ|.",/c_ov.Q῁(?~>?}*n܅L[Gzq.?y||4&}.LpБLD,0HЅ&*#,"pk#q\d9#('7ŷb","偡J
&͍^_!D9_]O_JkdtNaωҜͮ-ƀ9Ĩ",f&!&,"Hh(q~!h'̦f)459`GbΨȆZ45@q(PQm7S6%oܫ-&","Y$P_sOa8MqXH/NZ7\jʳX6","MY_|xkT]9k6P /K|0X:RFL΀];-pP}eʪEttuRgQ4}c!/-DU[x-s&HSyis",P$pq9}p5AЧ>drjf/#X,uHV%[x?l]oC~HYyvQC򴼔U.Rŕ7HC9HGB,"ѣHQ7UKs_}`P^Ow#","x 6","@.m!:Bmz^i,Ƞ9t]_'~*M;~߾0in9`$6[􀮃","cuqT:V)!a\Ap#W=Åmţ(r=1;rvWX%GN/t9p`JYM+KVx7i(Od[GG);-6$+K|p'J\E*9Lg#ZW*WK9&%⒗&p<4 6)-Vw=%)$N^xhITy- 0^6k@rG'b","Ȉ8Bc䥜^ɳVȬ,Z5˜=G","#uF,4nqJTE/9_",")YT( *ϧm4""%2M/~@(%4hI","зug{y?c/}vl)Bn~ RU`Ԥ
UՊVZUeu
:""%kJs{lDNvmum¡1kU}~xٜ4̥u!WoE`vQ.a!6EiuPUu2Xܥ[Q=7@&Ԁ&YI&aU!SzRk5}WМk@ژMsQH[GzX\T2RȒ'W߮~7T6
F?E/T~E?).$`b^c񨃩F{@%26/18","%+pV+?'5eeFMyLYhY^$.q|}k按UXj䇅!ނ,&LeP1aH$6w!","o!.(-X'aVtYAV¬kMĭѴn'tGm5֘:PؿyBN2F:u","%^?|$""(}U9Hұ:,zy","!iZycHPTYЌ+I|F""I)""K+""qy>EZ]4}!PܙDQJe(`I1w\k"," @z(F)9z STDZ""SƢ}>E ;`c؂eZ8ۏO#H'O^L5=>pnn~|wwZߵk
kMg/^;&Z;*kh6g@ -c","@
rJ21+K%&0Q3
呗R41E%'W\hԘȍ~RDu""-cn&Q@'fZοDQ E*(nOrR.kHr@6ezBfC])֬,",".nJvZ#NbV_)Q^T502un٭[/_pP/녶SjjBi^s5͔KEcZ[)+8Sh8^X)Wvv3n#à=vt9ytik5ݘ^ K7!ӳ%7eq]Ez=YGHaKPg+!pINz2˖nA
`2
',L;THw","eNhi\cF0h:a#HEkdE""%GrVӁoX(dKu",".*`Q@>#véJՅ6V\T*S:)y$FDF=XR5'q!TLVSBڽ#%kC&ḧN»5H1h=4hv5Ӄi$pLa,!,
hu\51}VB$IGxo㝝","vMAdA(?sfiAX#!,a_@/DH8x5Y^ˑdX^=]i,1:bua';[xEI6%YuN~p0̅C2.gUiswX/0laưө4kW_^J2L38iPK!v-xl/drawings/vmlDrawing1.vmlZnF?9Iђą.i HʚHjlqv}l
@Qh7i 41t_蝇$ʖ٢UD|3>ΙZVN[^~BRҠ>iVlINjI쇮=ӛ♰燑ZT6vy[ChULmv-=vG","Чl*U5Ač1nnIT3&kԲKNYUcL%&&)0X׫$p%8^uyԦ+%m\٥MЦ47hxI]݄;q=RxeRvK`zRWU*0>HRU5[}[UMl+]68i`HCnЯ>c!H'O","VYץ0:1x=tP*|Xe/1@iVi*mU=`r{N1@ Zl|%GsjRޗ?{b_vUZ^?0R
8﹫_&AyDzo?(bvL3ì[VzT\[4dmٸhx|QAV] nig|=wtcД+޵Unol'ղfI:Wft>\>e$Ηq0t:2pO.Yg=zp:y:wTA3VZ3%>׉R""G||w8N!N=9CG6W(Jy-)[$lGfgBn;RN Hl1!jQl󠿳+=CBN:$za+\)X~,=Ƒ8gH+qSQsbq%G$ntCAuSrIğl)tq8tm cbNAzzB:qr4AǪ~:eR""",f;~',Arw>왑v3ڬT0SaG.=F0}{Jk;)iO:,"܀C
A٬YQv0 ȫB挨G%cEb3tv/*r35yLwISTN",w,pxVOb,"T}1~\BH֙8o/","ICrQi\9繒Jk
VdϞ+s,YDl^/dnޞ#ώS![kPK!oxl/drawings/drawing9.xmlU͎6;k%Y6,kU""Nc@K.E*$P#(Rþ9+tH&Xp|o[stAfR8<
0%?{{!$\
R6T!ziF>Z""׍+Jih5aOu1:*Aͤ0T.&|xb؂qfv;[IVЃa","d
%@!p",9kN1,c5QODݪ[|}{Ί΄U5,"A?;Nfm[P9|Cgmy$I7lM>።`r@T`12tk8 ys%xtq+la?b$H%:]#
1Z6֊eM4z(˽8E0,$Ara91|w$w7A`{Y","'k#]·%#hM1*Fi5B-$ZE2g;`.&~jqVx2ү`D,a.lH]OnY@a\""M5Q#~_@[GI8""vp,U5zh(\Aa/fnv:8KngVO@|C`.2jNxߞa2ܚ
&",ºU@^X#`ᦅ;,"MQaAKJ{'N""7>8uZ~]_kvMW>j}0?ᷟn;۩0",}!MwnaZ,"9%L1aw̬ʹ;}xڧ½H9|As[y:~NPK!1ʝxl/drawings/vmlDrawing8.vmlTj@\i6 M1z",!jGHk[ɭ,"J@i搷1z+tV+;6P#gofݠ.,B2LNe>} 1$s5U,0N\(~SCfLT&""v[L2oxHnM`#5 2",I,"r
R\!k&(\fSDL`g!Mm$tcq$G*Z!cZƖߖgR:hkZY.%nֆVV4-Ԉ=PƋ%R569k\&f|Ϲ'B'|^tND|GVBg^SdZhjJ.1((BCr49","xHC㺝8G&uSZZ
=@,e`ZX[h
0j13&X-R","9,ÕkԊ!)Vһw7
պzBG`~ۧۯ׋Aw]Knw$+v$y7:E9|U7e|u^","*8hU),fh""ǆOe","fxEGb+v]xٷ:G6q!\ctʭK厤fߡxFPK!xl/drawings/drawing10.xmlU͎6;k%Y6,*Rg'1%b""^r(Pr","a@:nir873w5GTi&Eã#*rY0J'7H""
¥)QLf-hOG0MqeL3}W&H6T&jl~/_7BWV;","NQ>_3EuIͨ+ڥRɺr'ط@xTpO*Jn&ݲkptF^_=gQLntjL1FngqhNObmFPӵ1RedX$V,/hME̋yЛ,Il^Z0ۂoҍe}{;v2m,M,28tl֋!p\{ŧJsy]yY_Xo`4B xoކMrW]f[7Bá, dmKTPdWmSegGpyByV`(mFVHq\k=lhBfsڤxA͠ \&Z
\[φT;KڥyC%P5miR{u(b7","RuS!QVDrmfǩs،vp[)h'u9G}ws*:4FK: (v'-Ih
Z䬰gbZ-gFSlơ2$߯.ߣw?__ʇ|FXf7?7:U2jtG&V]b*OFLVWέ3>EKu7PK!0/xl/drawings/vmlDrawing9.vmlTj@;\o#","KiZZٛvܚ@zZhyCBgcC5;73ߌT""xMC:)4+xd\@","ĐigBBX0","rb01s3iV_8rK%0)\34
Y3iD2#%""Xd38ij#aŤ#i6TjAk[JH  >_ץA\]b)̪({[{/)q6ִrr(l&F[2^(x7F97a&3fWBƆ|\vND|VBgVSdZ(pbJ01((BrsBSΐfG2z'u?qt)L","
'8{X""1&`k6esBeLZ.","$r%iYh+9,G)hCR6o۟?Mt߫utcNG`}ۧ77Aw]K$;Tsxy7",PFjT`,qhO׹]AWp-zҍ_Zd[+M*Kx7OvJ[^Ug@v|Iv&Ov|٧䈎IǗJ!b9lu&ٟmiP@?#c6kt@VC67DVlpؒR̅aϴ+09kYX-%jVEN9tk?O'7/*{Iz_}O?':tJ>?yn[h763kӢ.U3泯h>f4,qH,"fGɸ$~
6LԣD+^U4kzqh[C{n9BOq#⑻",ye[C+=uW|W{乮$o'Tӣ&3Ԝ79)jC5S#=XZFeJa^6$tv,tA9vS9Fq˗@7E&,әcW0]*,":L1a% [v?WbHS._L{:ء`iOttǈ3n&aWaw@4H0IM{\Sy]>k4&KZa%/3x>KyABނ@l}du1B.",Ca΅^BπWZް'A`I,"95x`7+e.Y_Gg}n˫[7*oav3nZ+rHI!G""+[IȽ","B!#';]fe^ޠŢ5&x&x;F$+ԯ$sx",N&Qgj:R,"#K:~T""X{}Ӿ?;fu>e;(.&",jTI㖰P͠>-a,"c?jb
*f,xQz","F^ Xk;(jA(|xWànSgKpnpT`DlD̀_V\MMpvOKw_!otI>""aZva$""_TNK0h:xPa|Nk\$",GM`(ӭ;ZlQ,"ȆӴRig
~)uyZS\֐Cb}Y>)Vyڭa|g!_KwMGyOy']=❢Hd'P""soO8!u'wMx{{T+
/BUnyJDcT'?Q/,b@}qGMK&櫞m(odں(pI.","P驂}V)ŋfG[_8M>Nh-pj3k95kդDvv XVS쫑9ʑ!uޝɬ|*[sY'I*gN
 iJGaU#v̶G?Gah_)x-u;VN/`kvXWQ99E+myyw&OhQrǙ?M͚\t
$+]h}kAvtQC4G~iIJGBo=x/B:(6~`Eq+2Z4=;}@}B8qwR3{W8>q1/+\SBz}ES3)'};d(v|iʠ otUeoS9otJzbKd2(|Le)(g?l?C_+UIF-Oڿ쥙bOm~%(XM^0:)8S[
=","[b3/Mkr_|JG~n|>>Cݔ/]'RFC5}*WO`.?","y{/}掽Y:ه6zyK\Y'L-O2fV߳[[*+q""y=fʽ>*[S%","|mά$'yuN1?A1.rGMlvޒzz}ejyϙGlcYZd4[I","[/Ӝ%a89F?v}g3-\sDM݋Hg[P܃Ⓖe-߰J)?5}8h3%kzOץ^1뿬jS!uW?l]fق'7U.Y䫅y[W0wEq֙R緻=N""+,_F.6yf=hW㜞SNZ\l/qѕaXԱ[Z֧,Q[y~Rs8e-+0n_{A>׾","֚kVZ@t2iݑm[5i6`!2m)s@z%bi۝-.7X-`K`@*iuÓ=K%8עVÑ:gucIE=
v~rU䆘t1y2M Ti,O4","_-\_[q[R|&mmk-VٜkI`Pܙ4k|*_᫹RI)!""xZZ/>y_j~5ELݽ2Sj*P5ܞe2RT\OZt9lz
G(Uo#Ox}?5&x~eEIdsLv:uArMU^s$ݐTlRop]V,GެM;zr7:4t64$szg","k3:W7@+?$U,~[3)7:*Nݘ}۸ÓIY>?cs+5T*[5Cky?͹,^\9~VymiʝjkZi*4z?5UZooŃ
MnxLSr{Rb{^ڙ3[z^0uW}Q>x=~""U?[b:#:vRf@3C65Kܓ6@FO}A'>R0>,xM>?bkܻ8=É7q&,B6}Lãsr3-^(e$)|7%I}|+h&e80s6e?txa,!NQ;%H|٧%;q-??f=~pGf{QBN%IsJ}S>_yo'K/D8]z",">J0'U'b{M^Bd","QN)>pZJ",uE)>pl(dB33&~=_-FWXyO$/jF'Jxv,"}G:NPS2|7TFx >[{aqnIվ߁6kÂMj߅n~3u]CQmY0㍬5(ވS!t]cg&#lcǳx8E)&^K]b
cFN0aBBl'
3E3cǛ=ZJLڗƗjJ&;8XbQ""Oxt04OOT_}&#hS3spa:'9]jbY)=='f808;9b3aDM~g#ڠSPSDN{8G|׽E%Z|Sޒ([~|)m&Qo|>җVޫae?/~'=QNX:DEo&ҏϗ#!j)M(f}n*8&̗}^hE/8=",&c#?04,"{/gR`Dqwv?)Hs8F\쳜4\QCe+[&`MެhlDy",_]WͿ,":栌iLXyt.>Z*ZVr/܏0p&~W/KyZyTwq Ǟn\}gW-(z3ak~y.FQr[(3",",m\W|/!",vK,CGr%NPHnâք/g$4HT,"JqN
Y/at99","d>:ahZ.QAq&G㒞IGQUBO
puKzPG?M#,yՕ.Mޘtbd[-;$|VHL>7S|NAZ/a/`pZ""ѥϕGdG^\]xѯYLi*:gD
$`)y3","xmJx&il;$0ƂQh:BqlAP/0_u9iЂO0|:4\H1~Җ0_)G\7SJ2i0%4t:[iDӯK.I͐AFsNCӕ;CQE LulB%q3l;\-J%bX9","#qs""!",sJV_*a̇zG:~]χ.]c2.,"r t'#vcz1ӑJerAG<
tĿF>!@""H#hUO{T8}2,\y𸒧cP3؄
3]F_0ҿ1:,ϱxrF93DOrOr805-T","p3hK;x:yإa3W9֫G02c_F}08X.OrIy3('
e7GQ0a_s|MmJc",po8.,"_j'o{{ޢ {
]Kϥ[mWpx#cDs74lh1uJ2]7ABmC}o",^HNyO`(+,"\]dl!0Jr/7¿@Wұ""\96T.A%뇣M2教n 9QLCm","[qi.t(8_AuReVB\'{꼑cz՝Wy=I3`y|C\sI3 p","|g9R>r""|ݱWO,k?hU74a἖ɇ0Œ{LIYhӵо[˙,!=\$y3|",V,LЫ?,"9T3VEK&8d{&]ODEj?@ePy[[P^]ʽ|aum]q`Kq-rQ&[LBvm}0%2x=|G~Ya΄{.UGAΤ%MKPvc{ò0sG׃9\?DS؁R[qG2W΀Cs{Wf1=9_C?`>؈vps!ʘ6:=LZA7HdpdpNX{/i|q!""qN-vOG_oXqx-ȺAi -l&%l)2|9J]]O5","Dv\,{x`::rS[hR*,|abEYI?1nKM>/Xՠ]cqޗt06~:`駝~bOJOno,B6/5vd+b/`+",諸C8,|OԏYz,"U?A* r'w}Sڞѥ`mRM^9:()15x6fWqR|;j*prG%.veEF~P|Ys+i5 V{jxCOr3hOFflm#A!C{4-;7t/Gps%+Ej}AjA|GDQޑ񟕁zˈf_;\a`?Cɭ7B~?E7pmA(DY(9ǋ5""Uxx?ị?|\$*툏ʬ=2~K~w/ry0i~G@X$E_Kzrl[=6V.b\D__lrD_ҕ?/ώ̺F#1>7rۮâ[ՏJ&݊Rt-8RVJxVL>-fl,>1eeG,>9_Y:oy/p{~ŋSkA?(#P= \mԋktA߱*^l)""Of+؟1`LV]~tx/ܧ0(үm636-Z#-I[^)","oio䟍{8`=0'b1菱to`GPnXH?eئO`E&X+(U f^","k}gcDRzVNW$&+)E?K,Pяp|z2*gt3ޕxR\[ޏn","""J9PAڱr@p[n%%}(1[)fZD""wmsZۄ6""1D""|}U4kY0`Cl","?I(-Fi#J֬DiNzAZL""l\Ԉ?D.o0 _A-K6rcǖce","N^E0f%xAulݼEOlz6\Ճàݖ'{'b0]omMt:o4~K;|^-KK_;6=Mї6lmR]*)v","9g7fCVuK.l4gӽS%m;(3elY22lYsIV,Q8yIx.e^2/b)S.T7l 6kiD=1ԠY~9.","""JJ&t)݌(Qa_uJ?x-w",B3u3*a脦~D,Ic,K͏ۊ䩲!WYZmm~X,^s5ʍEo{?qӓ(Mh4/df!#Te&|v,"^p.t0amJ/&aDqo5Qa#1_6_$h1)&Γ}99d}d
x|uC+\cH|-4S8=3-6=Ff!z6{%0bacr8b=ûR6)+[̹Oz&N?PxbkQ+Ɇ""Ж([\`",줡[,"F^밙BBp˝{xN!WS͂ywޜh]UE{d#Yoy,D/O,uéc=3flWHKHVheM(vQ)-Ƹd示u:+n|޵MɁڎc(Н;bSugΪ:@L|zY,muZg/&_2TZ׶|9MrC07?wyZL]ԙS3=fۚxWv`3Q62=|#s#d\8a9:>ێaKLV>tB0ݶcW~_Y\=&C(LAs2-U? T7xW~u>YqRxAoT'_6L֜jO
cS3u`q23^5Mk=k:}Y~`R|&5տP:>$EWUK=AY{{]Oҏӈor
{6ۼeϐLcms88i.e]V;٥""VI99n]9o&)S۫;eɤ;m%Nx#_~WYz|DtAxC8i?_pIG؞)M&mbi$_^ӁgUd͡m͘ҏM'?jfKoX)%M(-CqݷSYSnϨ|2]S8S_r[^-y??mYBx&qNkk8'>?K/->v]?£x$].AUБ~):xlݢO.j*/{Il/jd-)?DiMG鄭]jPsvI>ϒoOK)~ƕ)7b)WS&c4'Jo]y&j>{:Zs񪱿9o}_ߴM2JVClw(av/ɶ/ZpE_,-oWrt",&R?$K%,"Fll^l?iۉ|0({,v",yNA,Z;Q&mg,"Kr1Ru5ҬE[]vƚmo&nYmikL%͡'4sۙ373+bj
ܺ+Yyh+
׵4ehSC4esI_wvv8ʴ&kJ%,ު^","gN)+x|DL9$YLa:_xlfZ~i3ym⾀7BȉXpM2Ɨ8͍~bvwicb])Ǥ|ߘԶ%eI3F2foL(ȋxC{2iO""Ovk
[uN4MaMSI4fءω=ʩk&RsXӴu>,Vm9Č.{f`l.aN¸c_6mc3f.,Qϻ,lqoZF=Iq~$Sv","}KZPPb7eZ,P5jp޴IrB1˶DGcӬ'U:Ӝ܀6!V5bPJ*
oFCK""ofԐ-2j6UXхGh62|i{\r=F","jەӦp|V)Ô3Es͕ɋǌ+GI~o4wGJ/Os4} %|4T Z*X5@:~P7U2hb-q?;dkpNƭgHHsSvYпv?myw|[o4ܐ6,+1녣#?7̨aBWR^||.4$xgߓֺ*h#̔¿\iJAObjq/@=~l","jV˺KaV|VOEHVq1&M۾fVlmow.6{Zr `ys_/$'
I()9^NTq.ZYYpeH`weFY!߯`R GZ*YϚ!vj/5m ʽFl'uN/oxvwe|%~sЌ]]I
{75Wac͟:#VǦx/jvxy9϶n>0%x1DޗGU_3>","""܄@&!",3,a+$!&('@BE'}_mRV+Z賏TiZwwr3}pr߾9택^#Y~3iOtpY3cŜX{R-Ι;ypΤ~貖)3m+ߕ.$͓5x`q=,"t^=8(~ל
*+m0;?s#?jwiQ)#-DəsV","iFk=ۆkIbxj{q;.N^gjPOdXlpCC*SY۰Xnc;pbvrU͖
~+K""U3Tg,,uHӴ{=-.xE*hqiKU7l46rGJqqn/?""4#O/DpNU)>|","GOmMo袱ٶ'p?lK>˻X}SЫRׄ+TEu8,YJo8iGo""#X6zw~sm$9_ݳ24nCyj}j,>TWnm;;yjHhYwsTd.Pߴ-Ulus~+ۚb81WGƺ.O=Wܡۧ5v|G[>:p+XyJLJ5dVq$eřT#)I1PRL?rsضYG%إ%kRcI5q'QjWD=rf{ MAl'z{x/oyJrw*=~Bp>>ף̓""Qj B{}M!M>')W\""(hyDJvs-""z8EzD2`Ђ[hM\\LHY̷X0끑HynmVjsmbǄJGkjC5s8Nٗiƿ\kP9CU
û8f%Pݖ=at1YЭ]:N*,~42OZD""伇@ʕ",N~BWˋUX>f&m̀%-,ocNe4OQZ?ҕv)vE_?O?bڎp0MOË9ESKjWmɼx:ɿ]UuWe5:2bo-T,"x߆ާf$K]Q=,gi)KTͨ75ޮg6kn3dWvg&M|n=z٫H&i=qكY36d
gi[HL6cwZ/,wIJCl۾",":;p7`3``+`p`'}x x}Z{<
w)&^܏hVPs>x@)?,_~%0(yI7x",";ˀW~xOOۀ?p8x.4O?3?o>\|ீʃ%­CQh~D{\jh&/=\ݿ2ӧdd:&$$ڦϱ8H7OY}?=G"".BkS =.@T@htt2\Ĭ","7-V8EIQiTn?+ 6xʾ6}3߄$g虫iy7\","I1C+h0C""mqvo[u5ݵqolwq:i?tπrDy~,Fvtq5x'0)U5QgT`ғt~UO6jF2"""".e֛mI=oqfyט};.qX8s3oظ.5Sq{HF]1;q,#^6Ǵ=QO6 O0hG;o~5^O?ZEh=hGi_@_ڏb{hG1ܗ(xڏpqOĥE$c*i;;a1)ϰGс/.߶cGqmL
QO$8[LzAl=ٓ""9;OƄ}vN6Ǉ4Lj(MMFo[R;ė?Qgw~Sx;)NoT0M%)e
5~.\I7B]xdIG+ڒF蕿KTR4
V_hHu~7;@,=fz+xC&e)`4+*^","c{ŹUt-ҡS
S,xvjE),}5Ʈyݭ&E/JL|FsSox3Hq
+0>8uDOeۅ;>kpϪJ
~)67K8S^AQڇU$7eOf}섏^a:[]M߆Հx,","3x88)""a{pvʱ@@BS~^4dcJ/YH༬^OcJ#?Yl;6'4)q¯K)p'DOBx""3r&*(","7j)ÍH*y_׫*pW/vTD?pQ7*4QS-詝p@|(-dpJJ8""\+WP*2Г^!KutAv5p!닃KT7 {'-nQogJGϹ5k8ՍI4TNyWy}8hp?!܉>\4:UEp}D!%^!tFV7dB^OS$|r=djNw7lH8c2ʕt?PYʸ>>ftB+ #;9kTgH>ؔҭ㐾Bn3kp#i@~WPn
{a|Jd܋mG_ҋ5=ʓ$K4|HNL2]}S&/*4h^۔L""(ŚHr:""+bq -yPj9]t:@vϲi2Z)/;S1Fs(Ez:؛3OoF--'D (`xt˶Mwϵn&HHf{ |b40}FW,
ob\
R)","8Tq\\n-Ke{*","˨LòVܙ1C/릆SYnͰk,feo}cvze:L:)L?Hg8I*rWXqʬX~,!%wQk,p{Cawou*U.n_JOՂArrPWV{z(&\n^)7-Gxs","""R\4O","}Y1\j4^
K]cp.ebIfTP4d`I",B:Cr享k,"S9PL!1\aq/+Y1U%)|}Q9\\%^m̋C3OS7?5qY4cM1|qd4my:.m;Ӆ.~c4WMT48)֬YS7.H),cCc",P:.T]i8,"N+Ҵhtdp`:ȅMR\|4ֱb%QTkj(+7%QaO̖}P;R._t9y%","?ЅM=kLέn
vd!rwyAc,t}]*","jɃW6vQ;ϻ(&{=qEӕDb7uLePA|Ùө+9o\1opub*Wжv0qK#^qbIWLntkg=iweM$;{=bN!߮/ӮY {07)0:-~K@>}cy'dm$gӲOG7}/0M.hxqlj","IrQ|$s@pznn/@¿Mbq:c8TbrnNF֊7Z֞v0gvyj&ζ3&w\%:&:qvibR1~.%iHG*ҎkVh+̪m5%FVyBOAYfF'0τkky
VT[Vq;2WUה5PRƸk1:љ^. _ACD}KE_f~%9d}IA})1+K?S6fwvmi÷&ǃ?^-g
1I-Q6lL:N_Ĕ0_Hs]Si~XABS!""@CKbOf@Cs0=f0^DTp(9qօ[P/Wj$-OQk\xO(ɂn*^)3^ׅ#nI.KY3ܶHrl+4E:[N#9KHGW,c
~ГDPdwZAG9K5D?1g!Z","0UFHeK#1,p+","u;GT(/x9zxITH6Lm{ʰqR6x@ڢi,!Qm[M8>t`r??`а%YQå_^(O/'4~ӞՋe7^+-[o{|a^?&k{G;}{","&3Kqyoiq¿S+K?K3Կh`ӷ?o!Ӻ?o{׸q㽝y=5NfⰖ0l^ev&%sigPvl8UB^ ׿AS~O#mUӭ/51I:G.m˿?y޲U:kJ","qs7;3nv}CfLFoN@$ڗr&O@;۴snvbZ","]h86k7DOW:3@'}P7]VǊvEN0DhŒ87v%%.YӪ*@&?#m@3j6ϓxS","nJJbJk}i&IUl\J~SN#|7W6}Gh=T }2QJ_`Nž10%٠/#/xeKtiZ7b(¿FFҊED鮦","@Rt52@g@( Dl(]Y?)@2ါ##t^BvQn4c:CI$ɀ8҄t'&&&
0@;L@`b(30p`z@.`.` 0p#&ؐ՗,p
``9@kVVJ2@9P",TpkXpvVc,"ƒ!BQ#ȅrc! O9Sw2A>*ݟ9ƇԐ3~Nt觾t9sJ)g;%Pǥ]IwvA7ſ/Gx9M6VQNZ9^]i+/'ե!p54/]f_7c_KoDYQwy/''P/tfEϯWI>","""w9v}uC~M$=c`Sp{KOɮmW%O=ʮ4/t84v~oL1i)nǘH'`_3)?UށӼ|O}/> Q=T","7{tw.5y+Kesw^rt٭'/!LMq2y>SX켉6ΛHyS+{{;z>Cqǹ-ܟfN(ߡ:%-}QIgH=Yy'W^ThzrtķڣWh12%A}/շǷgs_0_y&B}~jP@SB5&}@
͎_GэLGC+`ΉȇԤPrnmlS;ACZ)h\ՎWKoW3TW'=6Z-V]tƿ9)m?F","MiSojdoQ;_{iȏ77gK*vwV4!͢$@BwgesA$@FC'@'t݁D$""(JDuF0ttFΈo\Iw(7:uSN1I\I51t)h","4w@:xO_~$
:3w*d%ׅ_7~gC/4-FAe}=zoT_t}ND|Ol1@3Ίj}҃Ls`'R]7&ha}^P:~]l=uv+,L1Jfn[(gEGn?NE",=GvfJa,"t0dLp
=!0Z4La5DD;?kx*\g
B)*Z^OD*s* a*[B
?B;""M{ꀌ&^55i5pt*3b&g|{|,}̑aRScD0㑀
0ٲZ'a#""I(=7!NK;ɚ\H",?YX;0Z,@IxP[$LNk6-,S9*v{zqM|Yk346j)'_'6,?&~ZCl,"M xj!","`='!O`&tĳg,M",!U#Mp?qޏР9ާ0&7ɗx^4_P0Z/h4YX҈:&Jrl&͊XSn$dl$>kƴuk0{)=>!i$aB0ވ'v|fhS@#akPxyJ,a>q,"oI
fT@u0DgGFxK=z%aVC¼$`ޗ~9,6CH}o","B>tN5!E3RSGo%;M?(B""Z;4I&Y?}'Aǧ9,Kи`i!T3""bg-=Y""]ȌxHdcFPg$XmnHW2aSh2;xRp)5]Π40a*+K|1I","N0X:P>Տ]E8\Xdc6>ĥN\ݾ}Fce[}","jtn""Z-G-㸗Ha$yV""","C؇\,sFP]ҹMXul޿z|D)(qE7>vx!m-aQNY~iUtm@$]wuY3Gug\(מLJ΍Y;91fcUx\-mGgQߟ
s_י:[p8nOחxK9r+w?ט5lN_edYK
So'=A?ˤԽ7uJzLL^[PFTri\Xu?QՍ}ƔuKcΨ_ՆISR'h","ZNX^w֙V~HZWG^z3Y:Ȳ-[Ʋ_\6+ˈIM[KR[ؾOmZ!kiOt}M,Oͽr﨧'M_D.*JY˞L|/ʹ2j_'3W韚2᫑6f-}}5[nh""[|({{}}{MZ2:+W͸-3~toԾ=)*)m]LQPҩ3BedU9Lcqׯ52/9k7,^a^J=ofZOdy8{#䛍W|tKEʸ.O*h:5F'ylȾ9qk;vL9","Z*>Q~6Fi2e~6}ܷ/y&K~W;ﳉW9Х>\qۛ][i+1_3{]⺧~ο;3&pb̈65s/2h2ϣl|9}Q0dڢ;U߱yaI","mL_^tZF_0}4U9הg)U>5*.YSITavBC^nõNjЌF8E*RfJ0jUMus6]FO1y-.MZbt,nl*vEY""#ZUUWdi_7=ZRagQ&L'u.n8|hܡ>iٶ)&+Y=07bg@Xhcj]ѠL6Y*ͫxb`=!#,ld??]cUC`qxabzsnH͠e
J6ʗ{TuX|啍NOAhnj8֑8}V#P0sh88;Z+4%H#jM+ܰOJK;tIr׶kZy_케}I -7C32oͼ/
;",+,"E""ݢBn#A>RHƐQ4BsEIJQ5&eh|`Z0:'W
iў)oٯlcqg~{%.߹x&rJ-//zX`QcTn{UݘY`LUXSuf1.dfENMs[ڦ?)K˛?ouU*[gzcUE.Vm߹M)|9Kp?d瑸[/`ܳ:qEoN|ͩEq9#?V|ynUór)湑r̾t=~tr܁UcKǕm5q':˘25T'i?6s*tnm*sxnr(g#ʜ0뵎sӉ՝;W_VN,sT+UgmfE~W.uE1̼pP",dӠqݿLZG?[As$#}Spqi?icNުO'%Y5>'k>}c&}pzݫ=D_{Y'G$>&,"
KL?hô","tn'Ț$+xz""`tz5s",tl4B|03xɴj)~D2n6@6ǂ}%(D&ِGh鋔4َ#Sc$g*ioS,"|[0Bn/AFOώiU%","az.T8Ösf&X$2973؟9ߣѝ#n=AZ:R10A~$n$@tʗ\@6]p=KJ()},a/}%;VʂūUxRZ5b","l$-԰""ȣ@8OHy~G޿HZg?ÙH{:] 츇-dd:lfz#B3'G>',Fxz,8/J~\uXO{~?tҿ/yW__SuF(t:lW֏mx6{ne(6CM*)q#-]\`.{42æ9c.(%.s/aIճ)ӬOa
V,^TO[3yy|*lwUW6_UyUnvW~WrVVl@,Ie\un^%n򝏋[Ye",",+P9>#嬪?[nd1","jxlj*Xp+|9dui
Ο]$H̆tc_t\Ov-7,Ls4A8ȒV%l:r.zF%y=DO7s|(&6Rb.M%]'4&M֜/]Jer!\A;JrhQQ=_pM(bn-(%V(E%űr.F:ֆ2Ffo)S\E߿jonGwO""QG2:=9s}}#Ȧa+EaӄPb+bv.l+*+v,&fN_S8QPqt~KS꥜;e:+TDxiכ2ln2~~))I֨6LIܐAz !> K\^tX\|DRo&X""{!N""I8}:J/BD`>RG.OthQ88ʽTz\"SHp?eB*>JE.Je$x-Ɵ(FmS(tZ32$P_;@Z0@M24+Ű+Tχ&FOㆯ~F&""JauI}Wgh2ԑoC1678\j4NP5kE!JcO߈I0i܆Ew)(6׉","
[ЬRoɭX0w loeuB^Rk&g>[4;747Y~)7V_rbcz4b'!TP>","
@{)KWZrIB@UyOk,D^Kg@e Ъ/r蟷T)Ve{3k4S]R],3jˢW7YCxey#Bu0*h))\$360ts_mWY*⑂D:","idbz&
N%׈C.HϘNuFxA]l.jN=\""v4D9jU;M1du8ܐ*W%8كDk춶Bmmm;oUv&6-R(8JbYiT/.Q}T[vϪ*_
q
+gz0p+40Bs^5hB2明7s^E`xs`Qfg:EeTB:L܉Ubιrh/beoZhnZ*z3͠~WHu~VR5oU!=u\dGh#""H`_Z9*5Ţh#E4\TmLԙٽ]˅2d,YhaưI7ƥJjDvFU~(!_uO mR>
f*y(X5u","z)MI3z","C8B:#\!B5ҿPո8|WkHNŗW5inxHl1.΄U2pN,80A>Ѧܠfʃ.u %'Svb֏*9R3qE*r
%A5Fn![Pը%(bO&~$Ũ:7+rVRkyM{Y[X=ŏmmYq6ǣeOizvnuNQ-hCʻ!9)pQddO+xWa-rRz""[;R&tkMQ?N&ElR^2YM/'vC5""jx=8SZ}b54JT^Lÿ́+Acʄ27a:S|2SNVR","/+_2AI Dp,sd۷WXVQۋ&jD1ci9ɑX)A%[,t\9!3`R8,1ٕͣ$ܨc_*!k}T%{|cޤCwāj0'zoBw6$cgvfEшFLfڵh~6H5͛\Nxi?y*9+z#,a(d0BL{K.(t]x`k 5'4[8&Ir""t(@V","*1#S_!gKQ4JN3wQ})2N r!tybW.vEʦ","OwUÉj;6'9  ntx&|$3""E&9_/#{ɢ=4DqjD""|",},"׹ĵ֮/g;WHձw3b-*ɇ%0#޾eAFAQqNv{n5e+&Sz>SZk~nzn4誯ub7[Fi8eUie,Pr2i(*lP͆u-9mW=ߎnG>Z΀Q)W@xtS7m70y'/pٻ,!y\PDa_RI֬dvx1Śˤ)ّ2$ᮼٵgιWo>^b׶ݣ湻Ɲf|TwX'w4;i锩M>93޺;zNII'2~,iYá̝;Vmt{ս{F=x9ɟ$*xtҽ65e9srϹ=6,5V[","cc\dRTC)cs$WeQQ[dU&`umz& ΎXcxp",;lM̡icqNveL0qoUַf,"z9
>]ث߷9(A","Ƞ)
Nm-Q
-Z߰|,˴:*VyTT@x©҂0ĉc","*E7=Z,;TQ}7}ZH4'g7BCvV%Ŕ(5:","MyAKy49k;%/>vsijBjY(J ""%/K^qt+NI~%OHk+JJM>J=j@%4qi_Es;F̸٪Ԝ,XksrXkKs2
řXe*}.tї84>!PBF*/RGxB.sUSjR0rT5)89^n &i""MG{4pʵoys-ot&qӓsAvIfp.i>j^h%%#Wߤ_D
AXGkF`㼆TReJ);ʣ94aܩm#G#4BZK>TB@Czֽ>TW+fJ`-=ūj q
B1:ˆv5~w-~t+9Kp7G7GLw#ܟw~7m݂J9~6nׅ]¥XhS3+GX0","U^'J+ÐמՊ;5W7uRJ>ϒpoұ=-4a?",".M/Ώk9.8@p);~=\VBg̃>pZ[.~i3THIh4iThWÂBP/޸ZUJ ZˋXӒ4VjmAr),Sós{()B+~/On>A~3zE%-zohM_do_x0$d%*#缳0ޓNʕ?)A.eҍ'Ib.(F5g^`G@+QtW0RMhr@u=م4TE͕v9z`U`'N+QhYh4/-?yJCϟZqTT8~wtI7r:7 m*S?g!j_3%ɛj76j8EfQѱ\kza=/tDkeҢ","6oTn< z&15bW
f9>A""a>+","$
%[-J{Ƶ)cCӻw`","rztv{>rўw[ѱsM2oYc.1᡹ 42̀s Yߝ1TaeV#",,XF3u*ũ(:?JZ,B{a,̖)¸-6Z@H?|L};HO͑~C|nC&c5n;4!dLc`_6ס葋,"k닂A4pej͚UK{lfhE9sf{jSsR1wmJ1gpR4sECΖ*\k54*Yh枧-m`&ΛK5'j%%sTOGCZMXZL(7MV)(\{
mw@}UBt?gnG%>-VAq|^sG4g5SjTe~5t""Mݛ.cך}떢nf3BMHdJ)DUAN{7nIx'I`e!IMQM@駚zV$b31
Hro[^(8[@ˍqgQ8pZLpivI^P5țAy_IE%M
Qt4LA7w-:zwb6P 9xm|aUn܍ZQMgھ9%t&=IA{X}urҳ2RΩ(k.-IʭՂA27oAnٛ!taz06v
-)T6PМ58>F78C9`V:(
5͙n|GAzH~];HD)8B&ډjүiim ê""\}ڸ?~[IGL.$j~шSXlSR~@HjAZDk!B,A9**ITw|RB
\Xڝ$&Ȩj(3
!p靲Sd@&uƿy~؃GwZSqq8p'ErN*?uA2Q2Ntv};A$Oad|x5`GY ~>T'YʎckSO49~",>A,~=S&H-Y&4,"P\=7(Áo
~S/_?FPK!Kxl/charts/chartEx1.xmlS͎0~6m)YZ5]-ZbAqR","
q_x}+08eqfVd+dtP""4eF߼^Q⁙)kDFw7Sa+A,j$ofo+aVX`$wJFAh&E!XY^ka 8 xYosB8",DCWXr3:USve*$;:רOg,"ZV'ƸQ{0$(A*3
0%K\GŽ)k)$ܭq%^8)","X#9kㄒUoe& v#hMBjPܖf{dตx/qm""0_PK!cl1(xl/charts/style1.xmlZr8} `(dBft3di;mmeɕD","y$d&d[=ܣ+_2H_1e:%Zg
bu@
%""}'Jٮ2$QDݼW3\Hx","f[&_M~m7[""t}>7KEݽQz0Ƚ1$ї驧)pØ;XX|ʶAZsGMQİiU",k[},?;TH=[65HiHZBPsHY{1x(/ܕG^]wQDێfܾvXkOviiY{n|᎚KPJ%X䳎%Է,:be덞طNhzի&*@0gAN=yT7m,"߆ffa~U^PK!xl/charts/colors1.xmld10ЫT>@""P5]X8&M$*:D)w}E","SCC6NJ""k+MlA}ȷ-hl?4pXElӈ?w7PK!CBXxl/charts/chartEx2.xmlTaO0+iJ[XE48p`;!&m%w.==k:^|","!vK2˜nlt5B[f]l:,Zv.lk>XP~Wa4WƙKSg","iDH,=A^
/bTЁatkw","nYԇ5|Wo4#˶H`)b=z1n=gBaIrfhnJ|
=Jބ)DsP!)""4s!%yXǈ۴p=m.,.fhq4?:?>:_%7##C;, ","όg0!.%kBS#&e6pUBBUȒ1","qq 4ڝ`/IqX#J$Gu+?Xhcxu@Oń$c,]M&$e^L@ё/_zΓ'~oDCf[LUnxlޥ{m2dsUC$=}+hi-؛VQ6c$deN}i:CQ}蘎1kn*y)GcjNpf=KXGQ1e·_sa0QύI9sӒLE@jGa25_fzԶ۩9Ui9H1` dc)\K$'goT1͎AU$v6SZk6knr䛰h","3'+BψCmTƀRތzb2|{X;G3{}ߓztO&OPRF=3x06~\ʜw#N֩gFR5+JPlFx?te[҅-JM>k""0mNITPɎ;3eSY/pIb}-","Dٕ#q(/i~iMQ
9jě`&=.T`ȀA:amT͂da{B'pz,-F3m>%kЎB'Ʉ%&$","i'dQpmNȪaaL}݉A8..ӕ]e{Q{ƵwAb+-sgL`5Jjؼ0Vo_^5{v#(B37ϡVKB志W-*fЛyDbf~ BrRUJ
X7.sxPaOwVYc;uY:QePwPK!nxl/charts/colors2.xmlAn0Eq ""¦'Mlb ۥp{PhC!;$/WH&HFkֆ8
>5
y!E2T(x[-/؂=`vSrHJn@Yښ`jjglO#>KkZ1FN+݃SٛkTOj,[ӣRQq}QOFOy~
t:PK!Swxl/charts/chartEx3.xmlێ0_}sj*bA\"3i>BV$rO(IIr5-tBjvvCLwL5=|Ϭ햬{e;\fИUchwyg̫x+&4=7}/8
Oy4>S[L3nTH灐T","&z2b၈EQBЕkO::yoPf7-J9`)޽Ql셗@j)aRpQ[JMc XHOCsbށߣ.GB9*\ŨB׼iڪ7ﶳŦz=+Eu޵$;b壍ָw""4{4ML7f>!*

EWbH%1)l8!vl*:a\SC@"".2M:bߍ}oEm_.,D_Z?PK!)oH=Е[Ƽ`MBoA:˪Gi@e",".(cXϼ*>Ffc>@^(A0~eVH\#o Ŕ`@7ƝA/ҏ5[IpfLF/4% RNsάfFk\j(dMsYvJm.+S ",,*UPgA%$?L$2~ǣz}%>S-K>Iu'8!⩘pUqADZoSs^?Қ6R)r2}_d,"k/KLߒ:yT7b{KOU[CqAx=|NPۊvP?c-FSQ2:Cr:_9Xc-|,@","OϯVrL5,nkXcQRRDR>kZnmhk@ۉ|M^,mHϨj}Wm^5:КJ4vo
\t!1?:Ӿe|Ӣ.mGiˁƢV/SRwGYF(ާJ;oPK!nxl/charts/colors3.xmlAn0Eq ""¦'Mlb ۥp{PhC!;$/WH&HFkֆ8
>5
y!E2T(x[-/؂=`vSrHJn@Yښ`jjglO#>KkZ1FN+݃SٛkTOj,[ӣRQq}QOFOy~
t:PK!=d+#xl/worksheets/_rels/sheet3.xml.rels
0nR{U,$dۛ xe",";$^.Mc`)5)RlqƔeU@sTY?P1jG>Cv]7{sɥFfAC)sdPu*/PK!>P\7xl/drawings/drawing3.xmlW͎6;k%˲,+*Rgmc@KԚ]THzm7ȡ HK@-o=+tH!M bC~3goZUR)lQ˂?$! \
5W.B )S}_sZ%k*@[JUC,~kEI甚F[","|g\Ĳ!n]lSEh4[ޓ,t^
2!*J",".N(o&,l6QY!+X8Hr5nX4!3ƹ-S","@i!ˈP0%gkNلCxyk8@f]Ӓt~ɏӣN~>}6}k-pV}߾8c[=!.M{naV΀2v!UL)3=KRm:7{jh@|F7{jx낥Z3Ku0ۿNU1q&zg|ՁWݷW`W|Z[0T7Uy*OV_9{귗/}ͫw|?PK!
3r;xl/drawings/vmlDrawing2.vmlVMo@#K8i[RU\*.UUmucٛF+"".#!""D%o8/0u3ogγ""Kr6 KXEz,rt=cEoިpH3/","E((i\iCz!H̣6A6:MJvUv0ZG}1,w'(Ʌ!D","@Zm]A,a@wZ3420%m5!l[03guvn&vwxx`vnm?dfޡϞ˓݆.nD̘TUkF#{;(z9wM_$CV>DS#5T3\Y[GL׸ʅLMQ]kK++p6oͶZoQٿ[l֞
N_Vi컨2Owo6[mvƛϵ{ynJY}9|vx~^yۡHW7>x3;>86C5?PK!/5#xl/worksheets/_rels/sheet6.xml.relsēAN0EH=4Pn*gX$eBo%R3H^mπQԦ}y4l!{
*/ʘF","#bPu2p$1F'Շ",",[?b6){/{۪ҊV}vdHvW.J_S9p",50JzNH6hUʏ3Xvq$K),A^]V{r[T-eQ,q_Mc4ѥq.,"#xl/worksheets/_rels/sheet8.xml.relsĖ]k iLӴ5)ލ1%*OXnJS=Ǐs蓓ӊ!SH%tթ%sU^+Y:+/>lrmg\Tc",u,"}Ϥ j4mgqэ#」&|xbؒqf.;[KVcaȚJjYeUc=/7LQbƀm+j2?ZvRnBi2>+:Tt@=?*vV","30hQw5F8#5t(!2EM,!Q",hHbrCň?p?Hn{Chfy[Cܕ,PsbyTx-467M=PNZȅ`)1hYiĺj8ԍ@7վ2V_@W.,J-4!S~ڱ!f,"τ05dDi*bi*8ن:]q7HB8E&zZz;5]CIǅv׬ G-""7M*7#9s5F.3X""50&6O","8zHV4ْ|SJIq~{M0nomkC*WP#BLQjjĞ(XaW٫m2\f=NOV˖Ա(Y1КB,%OaZHIs0
1%X-c9l4,ŕk",]!,"V՟
Uպz5Mw~""ODݺdJbow3ա,/پ&W7ɠINwZm&/\j!Wu͋ pOlZYa[Xx일جd%:","#xl/worksheets/_rels/sheet9.xml.relsĖ]k j>5)ލ1%*jOXnJ3Ggal$E","Q$$WU'ގϋ5cbhW>>l_EϜɶW9DJ+2s4D3A8.ʉft(2?^뎋AH7ӂpgd""M;؈%Y,B *
pli%MC7I=K~9?}K灮EphE`1!","Rs9ՓC')dħzGfXlBӴ(;{k;ZQTQXQ?v^Pe(lCt+DHhNQ|ZUJJUT(I%-ShLUQsŨUf-zYwut~Xv2$kdɽ/O~)#|`0qc7y
玻`gBG{!{fG8,0Oܗ`/[RUTnȤ?","{
G@bᖩ݄h3Ɠք^v5FPs 6i[ v6!:rmRwۮ"," ]vat-x_׍Jd+[+e诸p tr^=7","O$%K)7Y\0jFS+R37ʲRTNf{Rg)jDՔC`Q;bj6ȌS(4i8:g^c$K\;dCƗn(81ִ
7\x8D60xFK M3ne@jp:""RDqPw`unﵝZ*̟&k@`]3(dtSVU8NoϋfH98nYl˚lG.oS1%D9C|+6B'yIRIg\hZE|>S֤W9(G$C$-k{mӻL%꒪T$ ' qX{!xNu`ǩ$>vu\Y)pS`0Kaɯv7","iɹdve20Acs
.t`[)-䜒9!cgV.Պ~`.&}zN3dMII""w8qWddxIBX+^#oz7gd_J}lvw70?o iY[#6-(|,^b","Zx$̲Gl!*R
@Wא̮ːc9I\co?}ח?;ק=~z')9K;wǟ>ٟ?=???{{):fH)PА3xjb -d%4 8 (a~l[Vc~l]FFl;zi'ǟw;pZs^:cRb`;#bLb4o|EAt
%(kRBqj5[Q,atc,[f|k?O~Jxr_>F^l7򜃜O3s0,|5|$O.|mo4cutzXXr>*Kr9-=RtǔCLyd}w{pY~\SRuz","nFaɲn9{ ۹)\jϦsn-7)y""÷ؘޘ# gǊq!tg'N]RzmVh+ZqqǓg8
S2ֈ/m5ĳlg)dߍvi:·Df51.7PK!t4xl/drawings/vmlDrawing4.vml[_oTG;/?qܸI1@cV49xs|MDuH0$cIljeVԯ9vbiUԱD*vϽ;IӰ98Q-GsݥeKjt maP(If.w:x͗ܺ4m})ZͪEܪ6f","Wթ^EQ3>LKҭY""#*","""u,E?&400zo,y1AOEnMb9.ݲkâf #&Y%VaO0V۵0&eJ8iPJo]Șh61n⋒tLDDb~Y{BLVlFMZFmjzkrlF5U/*MQ߲iUi]S$KݴT d9UK6[zsRH)%N","qM Uަd60&Zդ ia[,k""TGYE64
cwB&[p5pI#麖nB_ENhF[(jġ\Q~=;{z?~a}Y[/ ,/*۟2R!""8Bvٶ7ە0|_p]}/HncIqEN.r\=R!WiYe]ʺHm}","M]@oCB+ڴꤩ1$b:GsLywp\G'0ld&OdY=JPK!p"">$xl/worksheets/_rels/sheet10.xml.relsĔMj0hs9PȮylڒis
up܍yzYW)9ИDɔ.8y?W$r^LTF''pdP",RY8)9YB-5tPrłY!Dl,ÿ$mxFeadM+,"[#kоe'46x
,sBe.lډf}j#`ʾg","-)RIt=좙IcQiއՕƮ9=(}Gm1QuD""/PK!h$xl/worksheets/_rels/sheet11.xml.relsĔj0E}%qP""g
ٕ~6_AӴEww6}i޴^wk !
Ser8amu{yF%b\LC-MR뵈[|-""˖jI5@'&mM##^=y뒧-F^RMƉVsSD5ZxO`RG_TR~MqJh9SDsSDD7|('PK!HQ$xl/worksheets/_rels/sheet12.xml.relsj1E>$iKZ&+%ck/,7iځ)d'{BYvD}f^V~;]Q6xpFu=[U,QGbœ.,""""4!9KZ~W-yU='","igXMks/)RY!]^AoItpvԱ{df$~%/_L[2]ǁ.OPK!O`)$xl/worksheets/_rels/sheet13.xml.relsAN0EH=vҖ:TCP`Ibz{,HMMvoF^o~qVB3`h+%vOBTT(6[ӣXrAB"";hR9TL%+j,[
bڗs`O{2NuhH8vw.*1J\pxbi6%9|,O{O؈15֕&Ga-Ŕ:RBfi&ߵPK!DU#xl/drawings/_rels/drawing2.xml.relsj0}V1FVut`%1-cҾ",-Ԓ>(R͉bMF:,"uv""","O+:a؀:^R5b2E;}\S6s","Ǉy,5$K*%؅JÉbL:Y'Imo;:iATwlf4irvvݞ킹YVOybn;Z?wZZX7PK!xӏ!xl/charts/_rels/chartEx3.xml.relsj0ѽQNA]Q32Ϲ츣$t^}QQC״(Z\4|\vϠ8ϑ4,$pԐ.(Rؙz9S'L~p߶O30yАuI|fKc9 +T=x4'*캓CS}ŏ7oPK!D߼%#xl/drawings/_rels/drawing5.xml.rels
0nzЫXIFooӰ;7;E'r k\;^í 8mqr4,PMq","c:a,Ų!FR@3tlr:fihؓgAO_LQB ŧlu3l̀!& ),P_7PK!&ꇻ%#xl/drawings/_rels/drawing6.xml.rels
0n ""MzWXIFѷ7EA4Nь)8XØR+vY@.;","I:xl/charts/chart1.xml[͏H#?X&vwBtJ۶cWYq@ -+_'$$f^}8ӣnfL'Į^sW?vA:E_7;HH$-F}ZpOIݏ{Ic}qݡ%)nH3Fݤ ","I""Z0",N8iȟTa,"-wMl1m?f.2oZm]zuDUgp?,-\M#ѹ#&bqV","Za؄__. ","Ϸ-hB;;ozAڑ8-V%H_ozBߩ-gk(ByZ&jFD֋5DV%}>7?""""g̀]ؾ","M9k{Ͱ;46}Zݦ5xV%
Cy`Xw;>j}Ee{=TVT6","OrenH*ld)b""ax,/*JJ^YD.]9VC_:hxZ-IΑ䈪NUpPRCru-!02/ ","#]3҄9DСI):$s *\PM10gRn?@p7Pa sh н9$Es)nN9U8",3E0ŕ?ӂV7U2@azDeǆ,:7@]6:Gɴ..AZ׌3;9eCf,"]pMTtD[
oYիgdȘd/T,+z""Vq=w^Ym:k#Ry $Da[&@m""m8ɘRuvl","НPK!khzxl/drawings/drawing6.xml]mo>`w""D.,Y*2dm[)B*ye+
,6l6`˶݀a+eh
vO=l)lT""y_x/yy97","#7Kt-/
ou)3D!B_wJo׻mTGEYkktZVt-h;>\maB3YT|^[ڡcգMzEdY3ֲ\_\'=C{An]Dk;
rM0h[__τIpvk>C^\FJ%RoffMS%3]UΛy=o8nn'M׮VZ%[![BDY|(U{Oz^Utfؑ","ݒ~&՚QN͗\UYUdE/wF=xI}fpm'~E52'u?0󁸶~}>K887^""[cHΧngqnI2/',*.eO
""HD3@Z\Nf`wZTQmGިKl^2d͢Bx)*]M_Ni5]B,D uh2AeO_|GULZCCAx
m[M1f?/v7%>4h-lw:>A+$%aXD""CЄ2","քxNvw5CǹD@l&] KRin%©xky6",",i%ՙ$AyG4ŔdCbhaLua5! |atQ@X_~냁""ZN]""
\
UGXH!tq!4AZ5!!}CW9ݪ%U@3/S>sky6e","%SD$jCF%=)
Ty,M0d N-3tqUQ295FIKXNYQuv^zI;",~Tm32LmKb)8lQ0l,mNkVԤD%5à׉0~B*Q.ݝQ+uU1r^PrRFۨHW˕rUtuǯ:ģNQSJ'cNgV)KAC,"iYN;68/]Eĝ]izn;uLI1:@=Όgq))
0~7]kZ2^^̻2FJ*ܝQߓ! U&7LsiHr,$fxPS*f^M)+fdR˩jUəyU|Ej5C+""H][vy7b&'{Uj%^U",",%XN\L2dS,0vY``^oSLسhtxBh^Zdz,@L","rcd\DPK! 4xl/drawings/vmlDrawing5.vml[_oTG;/۱I1@cV49xs|#MDuH0$cIljeV_s|nӨ4ci:>>s;[4-~mW]/mV]a45wiqI.褩7-J2n2|sgnX|)mh-6Irѡ%ިԿZSkp5j%^%~gR.3tepf_d:385׼exQP2y/̍40Fo[h-v`&ꐛwK7-4ᰕqd&kd,u","v]c|5ԉm:ŭx>jf\.(i@W\b P\As1Y͵kRXU]bjjΚi/XF9QX[t9JYdìц*a5*eւi׌*0f.Ypւ?Jn$UmSJOy8%V4*k","Ij GM-W5؛epc!TCYEU
k,ߐ&lfifQWuM{
穳5rŚ>","sVuÆm\ruF?`/`{}ȇ/ab|R\\BvpI\Bz2aܻ+V;0&m\2,
:E[oqyNs""\27aDKqZx=Ǵ)\,@ .؟YR]GBJ@fqyimo*}^""QFLQ1`t>3;Mq4`sֽ)`S9eM6[Vz)O
!)2%3ՔfL8y2CzrGYi@>0","#?>7!H,x\Su+?TL(9Lbǽ>񺏼cr>Ѓ`pHI S&}0AZ#9hYq_@v v%/;?׻>>$zѿ:zZ1_8{̋iQ'^_a$vޟ^=;Ít1e3p5D5Aj]N>yWײiw28ǉrJN:\Jm#G|LLME;w_}zn`cB","p,4Me)N"," erY`,,cs5f4Ͻ""~T
""~0ӈ9M`3Q!""hfbovA","""CGvȉ","!2iWA*cjI0+KBfΧU']1=[5-$yz`=ю^V:IF[)xQuMK/XO/v2L!bun?~1
k:>qk;q=7B_+~.v%䱹nlN\ω.lPJr.WＣ~pG_w{m?OٛēăEhoXdr&[?""%PK!v
Vxl/charts/chart2.xml\[o~/Р]rfwƚ
$,ʵjyh]ho]Z","CHq5f ag.K(ɡڬ5zwn;g7gϞu,˃$hÎvVOwF^иO$f[k_UѬIHWi=Ѽ,AElgh?4 .gOg?X\^d,@yٚ8bY''QK6V
a5jO=Di㫵xbHL`~{G&f(~7bxVÂe14Mz+Zh#RAGBlMK`WtGp|l*Eg`ZBɭ&Y=b=cTQ2*UDhy[4BVb9KדL&x(ME\=l9t!>%Hxq]b`BδāRgM{|l{0r:QU3iZXߙMV:(O)}u090c,X(N>*j췋C^~ߏ~7
}
Q6Fa8h&1","5Я9Ʀ9evճϭzeQaqIO_ߴsic$6齯 T=JY*@RJ~O>qـ^","P{F5-ð$5l037M\hVohV)%4'?|TCs͗@3q020ks6
BMA:0Mu,kOtBɋx80V)%NOOe2dס|;:ܕ4;k |+
5p8kI\&ҳSi2uu",V)S,"""C51gyl]d5b#up",lV)P'c󀏇]㲹,"U8ш kbPXPhm2n2-eڊhɫF33W`""#:/ P!","89FGS\CWR|DIx+9t","PLPt9A),Le,>؄3{9@xF:P[Eۑ\c@@:}:=sSeJ
9JkPK!j?""xl/drawings/drawing7.xmlZAoD#Fsz%*QQQCY{6k2qǳUM*!ZgVSo$EmݤZf{o߼/o&k9CTvQ4Al0ihw|cmΤ e)Ut2ќDA9pBDASn7RI& :g׶FYHJrDPqp-i98Ig)*9Q/\BED+yAT6XHd","xgs !C>_8q1]ǙelQ5}:OFB""fj]`cEAC)jx""X7\k虚4""","x5):U,;@WݭbSֆ)QF'9Dmoڣ,MtL: Rj
e~r򼍦ah=qM=:F6
Vzmjs7kcQAFY1Pg","[bzpΫN[xC~
bP:jncWK0nMz~4'Rp?+a=J\ҁMd ","%Ug2),;TH4QF$*sC4.1#q4pr[fBAn@,#놧R?DS3CU4x",T]א,"Ph""IHa#7Vۇ6'pȮ8gpCLyJb4.d=;T[jQcpm'lLijNJWY~
rH/`3s'zw uɴ)n蹐1h""d_-C0RRئW,K7J=30As
:$","Hz~COܝ>cvp0BAU۠?nӻf7xĳ?ik,P.EpSf\fj!jD*0$qZaXad !zv:# )bĠ","AlF!meoRCB-l1Y~bS74Oof|͌:YG)9xD$4jD/(H,ŖD_.34).$x1ޑJ4""4ygAs5(`6vFSnB$AʞP͖aTo#UŞ88p]X/-z-DRX(GPC&i{+
1`0e""*J4Hqg""}Eԗj(NX.yZr&uhשS&%̖]H?vo*=XLBgKJ
EUN[f,2)bbcieIͼIE͈RQ'^\$REnS""rH.ҮSea",",j,dm","iT""","T[XJ=Ô0K SdFDB_z""S9Ƣ>NNF0=*qvFIn/""0Z_zq8}19srdr;aq=[%N}ةNMa+D+G","d7*ȨzEݘM}2RI񔪘rjyi|5+tCG;ar^2rY1U`GegjTXP\fUuHȾ٭en26-eVWQΎnĎ^}zҙ֮Oٚ
T::έTi*m5e*e*ݺSSigЛYK_&'ݪٮ5U>ܘVb.m㚢o`Zq7n.
|",tߟo&O[Z]/Wt)vٷ?/˝^fYAg,"^󫩡&Wnɢje7닏;MgbZ+{-h߷/PK!1S3""xl/drawings/drawing8.xmlZOo6w xM$˲E.j:tkXw*hPJѱ&@aqð؀h/chO
{4Z.7Am >>Ie4ch""F""","(W,~;܊ER=n7iLn:Tfi,E!'zfE81q",U,"=Z
o(uzM|r
&LeF[^)xt!
GG""&ӡ%mhb(6{&N(.;y/؞PP!MXXd\+ݝڸRƌb$Am,ڀXe""QA!H(TiW${̾aP@ehL9FIDRE7",")WkC0'h͈%Lue0@Bh]@S,h4[aM*X5
=1D0ϑĠߞ>=}pwll*}+0W\}|ݺw)2-D䳪","x}KC1~PB1SV(6أyGw~Xŧ1E^bׁSd灬L kA [_
Ȗ}+ݲئPbwv0^fp4[|)vOT7Ǯw
V`l0.4=?=٭߯G/Z?S~De/lf!=):\cp.Z
ުS۵)?WrU:PK!_ɔp'xl/printerSettings/printerSettings1.binYOkA&ՖE)^`1t","7I,$i\*Go
7PߛlTK%;}7y3(cy䠣D2i}XCM(BH ,""",_,",a?]$-.4h&#EPyd糫kd%o|MvhMH]s{#L~","5~Дl-z'd=""3^@ʀ{^b@1ph+eNmRp9m","$|48cW.""%",(::Q>*9,;cþ.=nWs9]p^&P%z:f,"M1hQ:
;ڞO{H)0w9
zwv]PjVRӭS^w",},"n9;JI2{VŒId>ivhfbrRY5ĠuFG(zʰ%tPagEPK!Gxl/ctrlProps/ctrlProp2.xml10w$y)LV< $q7ݹ_bP?)jP,>ZxI","n9;JI2{VŒId>ivhfbrRY5ĠuFG(zʰ%tPagEPK!Gxl/ctrlProps/ctrlProp3.xml10w$y)LV< $q7ݹ_bP?)jP,>ZxI","n9;JI2{VŒId>ivhfbrRY5ĠuFG(zʰ%tPagEPK!Gxl/ctrlProps/ctrlProp4.xml10w$y)LV< $q7ݹ_bP?)jP,>ZxI","n9;JI2{VŒId>ivhfbrRY5ĠuFG(zʰ%tPagEPK!Gxl/ctrlProps/ctrlProp5.xml10w$y)LV< $q7ݹ_bP?)jP,>ZxI","n9;JI2{VŒId>ivhfbrRY5ĠuFG(zʰ%tPagEPK!5[}7""xl/comments1.xmlZmO)S*1l4
+Ziڏ^bUl#ۉHJ^Lx`\Bsx0dK6ݖF;yι{۾pO˓`,F}m7[}-Hga(?}w㮯%Dz`i0p8I[0@$N$z`8FMW4$1`""?E|j{H~Oy,_K""XL/;7p8ƣ]
uͯ?|u","6Gjk˕rLf1uT[x)\8/1s|Ah)LiMh1 W3H",ă'A_G78@u!ORN޲J(z*_ݮF)kvϪ~,"mr&,X{8Fv7дD@","23~Iyp P","3 ","8v!S](i}Y2k¼O[e~:xQ1 g]⩔^#k!^;NZzXYIcLjƨ9݆ؒS?|W_6ٿ.H2]P`-MʧzoR`DjLrrktdh%Kjd98 @ujJq+Օ׊\Z9:{+Qcϭ0=A>oīB9$ݱ+[fc[OI=%VI22œd@/I\9e`aS'_Z#7wZ&)
EAՁ̝((LǑĐ^۫a #A̘,a:3.4[
9A3"";4*.[j,zS/. ZɃr,d1(5
4]֌#LAL''B]EϞn
",UkEJBG`Fs5JeK/ʐRSL@#Dq%,lܙzl$,!xa?,"NYqyWw
ZϛP+;% *hS8hk","eCa6&UeNMO3s`/S_PK!]=G^x'xl/printerSettings/printerSettings2.binrfHdcb_S T`fHe(b@^Pe@,L",,"O
0@j`Q.)IF%d#|6np08JnPfy ",(,"05t`eLHL
p1,07`KX0IЁG@40@\Xf?>7FSdw`r؀֣a0}p4`3#?.RBXy敇PK!Gxl/ctrlProps/ctrlProp6.xml10w$y)LV< $q7ݹ_bP?)jP,>ZxI","n9;JI2{VŒId>ivhfbrRY5ĠuFG(zʰ%tPagEPK!Gxl/ctrlProps/ctrlProp7.xml10w$y)LV< $q7ݹ_bP?)jP,>ZxI","n9;JI2{VŒId>ivhfbrRY5ĠuFG(zʰ%tPagEPK!]=G^x'xl/printerSettings/printerSettings3.binrfHdcb_S T`fHe(b@^Pe@,L",,"O
0@j`Q.)IF%d#|6np08JnPfy ",(,"05t`eLHL
p1,07`KX0IЁG@40@\Xf?>7FSdw`r؀֣a0}p4`3#?.RBXy敇PK!Gxl/ctrlProps/ctrlProp8.xml10w$y)LV< $q7ݹ_bP?)jP,>ZxI","n9;JI2{VŒId>ivhfbrRY5ĠuFG(zʰ%tPagEPK!Gxl/ctrlProps/ctrlProp9.xml10w$y)LV< $q7ݹ_bP?)jP,>ZxI","n9;JI2{VŒId>ivhfbrRY5ĠuFG(zʰ%tPagEPK!Gxl/ctrlProps/ctrlProp10.xml10w$y)LV< $q7ݹ_bP?)jP,>ZxI","n9;JI2{VŒId>ivhfbrRY5ĠuFG(zʰ%tPagEPK!Gxl/ctrlProps/ctrlProp11.xml10w$y)LV< $q7ݹ_bP?)jP,>ZxI","n9;JI2{VŒId>ivhfbrRY5ĠuFG(zʰ%tPagEPK!Gxl/ctrlProps/ctrlProp12.xml10w$y)LV< $q7ݹ_bP?)jP,>ZxI","n9;JI2{VŒId>ivhfbrRY5ĠuFG(zʰ%tPagEPK!Gxl/ctrlProps/ctrlProp13.xml10w$y)LV< $q7ݹ_bP?)jP,>ZxI","n9;JI2{VŒId>ivhfbrRY5ĠuFG(zʰ%tPagEPK!Gxl/ctrlProps/ctrlProp14.xml10w$y)LV< $q7ݹ_bP?)jP,>ZxI","n9;JI2{VŒId>ivhfbrRY5ĠuFG(zʰ%tPagEPK!Gxl/ctrlProps/ctrlProp15.xml10w$y)LV< $q7ݹ_bP?)jP,>ZxI","n9;JI2{VŒId>ivhfbrRY5ĠuFG(zʰ%tPagEPK!Gxl/ctrlProps/ctrlProp16.xml10w$y)LV< $q7ݹ_bP?)jP,>ZxI","n9;JI2{VŒId>ivhfbrRY5ĠuFG(zʰ%tPagEPK!Gxl/ctrlProps/ctrlProp17.xml10w$y)LV< $q7ݹ_bP?)jP,>ZxI","n9;JI2{VŒId>ivhfbrRY5ĠuFG(zʰ%tPagEPK!Gxl/ctrlProps/ctrlProp18.xml10w$y)LV< $q7ݹ_bP?)jP,>ZxI","n9;JI2{VŒId>ivhfbrRY5ĠuFG(zʰ%tPagEPK!Gxl/ctrlProps/ctrlProp42.xml10w$y)LV< $q7ݹ_bP?)jP,>ZxI","n9;JI2{VŒId>ivhfbrRY5ĠuFG(zʰ%tPagEPK!Gxl/ctrlProps/ctrlProp43.xml10w$y)LV< $q7ݹ_bP?)jP,>ZxI","n9;JI2{VŒId>ivhfbrRY5ĠuFG(zʰ%tPagEPK!Gxl/ctrlProps/ctrlProp21.xml10w$y)LV< $q7ݹ_bP?)jP,>ZxI","n9;JI2{VŒId>ivhfbrRY5ĠuFG(zʰ%tPagEPK!Gxl/ctrlProps/ctrlProp27.xml10w$y)LV< $q7ݹ_bP?)jP,>ZxI","n9;JI2{VŒId>ivhfbrRY5ĠuFG(zʰ%tPagEPK!Gxl/ctrlProps/ctrlProp28.xml10w$y)LV< $q7ݹ_bP?)jP,>ZxI","n9;JI2{VŒId>ivhfbrRY5ĠuFG(zʰ%tPagEPK!Gxl/ctrlProps/ctrlProp45.xml10w$y)LV< $q7ݹ_bP?)jP,>ZxI","n9;JI2{VŒId>ivhfbrRY5ĠuFG(zʰ%tPagEPK!^S~p'xl/printerSettings/printerSettings5.binYjA=I%k!`?CIj71&i$V)""_ `;d7$;sfιw&swEl""tT$7:ʨÅMy%BX÷$9y4%$E*,MFyPqԟ:p!$#$P.ClRִ̐S)9>jLk=P&PGi56","[#d 48vqhP3[P","-[r֏)ZS^}!6b@1p]Ƶßg=׮z&TݮwV","Ly>/NFW7bV@>_~~:3\Q1,$n-&'8ҋ{K/9M{'iBJS\4i7Pw0D)¸G1 E*[W$SyVIƊ[ja@~Xw>ܢkZxI","n9;JI2{VŒId>ivhfbrRY5ĠuFG(zʰ%tPagEPK!Gxl/ctrlProps/ctrlProp30.xml10w$y)LV< $q7ݹ_bP?)jP,>ZxI","n9;JI2{VŒId>ivhfbrRY5ĠuFG(zʰ%tPagEPK!Gxl/ctrlProps/ctrlProp46.xml10w$y)LV< $q7ݹ_bP?)jP,>ZxI","n9;JI2{VŒId>ivhfbrRY5ĠuFG(zʰ%tPagEPK!3*!xl/calcChain.xmltnG@7\""JعB&8jl(ڿCΒ{F9p9p?q=[x98g?~=_ynǋA?]?ᗿO?O?率n|~P0q=+fr`l~x?(@5Q jZ\@5QCuD-)#*4T jZ\@5QCuDj('j@DQZR!j:r@5QCuDjE#jJ%U:RuD!j:r&
DQKe8ꉚ(5D-QGT-x %ꈪO_@DQCvX,=ԮFDEH1bR7Dw|~].X'~HKAVidv 0ZiF,אb95FShnl-mdƀSʌl,4\-WonBW)EI%3+\Nؖb}fe%dmAz.U =UrXM@[*9@&-HOwFE=HQ)=m_l/lK>Z6-j!XYY-Iq3+]Nؖb}feIMF(դYjiڀRMZmR\V(5i5IqYM@ZFiMZMRof Z&zQ2A&אZkjbߤlbZFrorö%ZXCPܵCX2bQ9hC|j.*]fD DFb4H&LU3""fs'8xLz2cfEAp;_oxr~+ W %d>[Ltl/%ۊur]S)})}-fUWVJQTyAұ5Ù!O|gjjuƫ@13UIt8Lu$LM}t`C;
R{Qs}(Laܶ!=8#!m3:4R:FpC:sGW2q:0Ráf9XGR9#6{nP/:G#:qFTH@ڠϸ ݳyDA:v+QK(n|-?I?m84MY1>dOݞNђჿ5YPAw%Mt#B|d7m\||a@ͷxD$RiÑ2::+7˸}TI$Akwp&#ȦPl","D?l2z:,>KȤXfPdjȤz5䐭¸^p*×4TtVqQ;t6ǢLlO(5`O%单x""0,!clՆA2Mn[// g:X3qZN.Չd=uV""vӹ)zB>1y=55YOl?j|PK!Gxl/ctrlProps/ctrlProp31.xml10w$y)LV< $q7ݹ_bP?)jP,>ZxI","n9;JI2{VŒId>ivhfbrRY5ĠuFG(zʰ%tPagEPK!docProps/core.xml (|N0HP`;˾h'v4,YvHX6U9MLG#ݍutΑ","ڦ`#&Wqc])ϓ{;~t,8 퓮RFFJe,,\","@K(=C8:8aCk
v1>Nf0eة@jTI7l
i7w)tN.HoȒQQJ
ɟ+i3)rF""t#gVႇ6l$E_""wu(6:f؟Dc}ۺ$x#81",FUEC_{2tzC¦,"=Pޟn'j4r^?/PK!Gxl/ctrlProps/ctrlProp20.xml10w$y)LV< $q7ݹ_bP?)jP,>ZxI","n9;JI2{VŒId>ivhfbrRY5ĠuFG(zʰ%tPagEPK!Gxl/ctrlProps/ctrlProp19.xml10w$y)LV< $q7ݹ_bP?)jP,>ZxI","n9;JI2{VŒId>ivhfbrRY5ĠuFG(zʰ%tPagEPK!Gxl/ctrlProps/ctrlProp32.xml10w$y)LV< $q7ݹ_bP?)jP,>ZxI","n9;JI2{VŒId>ivhfbrRY5ĠuFG(zʰ%tPagEPK!Gxl/ctrlProps/ctrlProp33.xml10w$y)LV< $q7ݹ_bP?)jP,>ZxI","n9;JI2{VŒId>ivhfbrRY5ĠuFG(zʰ%tPagEPK!Gxl/ctrlProps/ctrlProp34.xml10w$y)LV< $q7ݹ_bP?)jP,>ZxI","n9;JI2{VŒId>ivhfbrRY5ĠuFG(zʰ%tPagEPK!Gxl/ctrlProps/ctrlProp22.xml10w$y)LV< $q7ݹ_bP?)jP,>ZxI","n9;JI2{VŒId>ivhfbrRY5ĠuFG(zʰ%tPagEPK!DȲp'xl/printerSettings/printerSettings4.binYAkAfjKRBtŋlr𚆒nb0A&i$C!$x7dw)6Kv2曙7߼sQ\4>5QA,J{(eCć7hK8JdI051Be","={Ԥ6p&D&J0Zڇ,3)ǔY","(VweڝnG)U> /e6)o^ޑ~@YԬ).~6`һzRIY$}3V߮ZxI","n9;JI2{VŒId>ivhfbrRY5ĠuFG(zʰ%tPagEPK!Gxl/ctrlProps/ctrlProp24.xml10w$y)LV< $q7ݹ_bP?)jP,>ZxI","n9;JI2{VŒId>ivhfbrRY5ĠuFG(zʰ%tPagEPK!Gxl/ctrlProps/ctrlProp35.xml10w$y)LV< $q7ݹ_bP?)jP,>ZxI","n9;JI2{VŒId>ivhfbrRY5ĠuFG(zʰ%tPagEPK!Gxl/ctrlProps/ctrlProp36.xml10w$y)LV< $q7ݹ_bP?)jP,>ZxI","n9;JI2{VŒId>ivhfbrRY5ĠuFG(zʰ%tPagEPK!Gxl/ctrlProps/ctrlProp37.xml10w$y)LV< $q7ݹ_bP?)jP,>ZxI","n9;JI2{VŒId>ivhfbrRY5ĠuFG(zʰ%tPagEPK!Gxl/ctrlProps/ctrlProp38.xml10w$y)LV< $q7ݹ_bP?)jP,>ZxI","n9;JI2{VŒId>ivhfbrRY5ĠuFG(zʰ%tPagEPK!Gxl/ctrlProps/ctrlProp39.xml10w$y)LV< $q7ݹ_bP?)jP,>ZxI","n9;JI2{VŒId>ivhfbrRY5ĠuFG(zʰ%tPagEPK!Gxl/ctrlProps/ctrlProp25.xml10w$y)LV< $q7ݹ_bP?)jP,>ZxI","n9;JI2{VŒId>ivhfbrRY5ĠuFG(zʰ%tPagEPK!Gxl/ctrlProps/ctrlProp26.xml10w$y)LV< $q7ݹ_bP?)jP,>ZxI","n9;JI2{VŒId>ivhfbrRY5ĠuFG(zʰ%tPagEPK!Gxl/ctrlProps/ctrlProp40.xml10w$y)LV< $q7ݹ_bP?)jP,>ZxI","n9;JI2{VŒId>ivhfbrRY5ĠuFG(zʰ%tPagEPK!Gxl/ctrlProps/ctrlProp41.xml10w$y)LV< $q7ݹ_bP?)jP,>ZxI","n9;JI2{VŒId>ivhfbrRY5ĠuFG(zʰ%tPagEPK!Gxl/ctrlProps/ctrlProp44.xml10w$y)LV< $q7ݹ_bP?)jP,>ZxI","n9;JI2{VŒId>ivhfbrRY5ĠuFG(zʰ%tPagEPK-!|QyX*[Content_Types].xmlPK-!U0#L_rels/.relsPK-!Txl/workbook.xmlPK-!Zawb
xl/_rels/workbook.xml.relsPK-!7A_xl/worksheets/sheet1.xmlPK-!q4[cxl/worksheets/sheet2.xmlPK-!Y=xl/worksheets/sheet5.xmlPK-!WfLxl/worksheets/sheet6.xmlPK-!˔=.2axl/worksheets/sheet7.xmlPK-!QJhmxl/worksheets/sheet8.xmlPK-!cv|.xl/worksheets/sheet9.xmlPK-!_jK^bșxl/worksheets/sheet10.xmlPK-!,WaJxl/worksheets/sheet11.xmlPK-!kڡF","xl/worksheets/sheet12.xmlPK-!#3
 #xl/worksheets/sheet13.xmlPK-!pq*a%Gxl/theme/theme1.xmlPK-!(!(jVxl/styles.xmlPK-!;hh0xl/sharedStrings.xmlPK-!ȷ%T2.xl/drawings/vmlDrawing7.vmlPK-!3{e""xl/drawings/drawing1.xmlPK-!v-4xl/drawings/vmlDrawing1.vmlPK-!oh
xl/drawings/drawing9.xmlPK-!1ʝxl/drawings/vmlDrawing8.vmlPK-!xl/drawings/drawing10.xmlPK-!0/xl/drawings/vmlDrawing9.vmlPK-!9dxl/vbaProject.binPK-!RZ~.#xl/worksheets/_rels/sheet1.xml.relsPK-!}hxxl/drawings/drawing2.xmlPK-!KMxl/charts/chartEx1.xmlPK-!cl1(xl/charts/style1.xmlPK-!xl/charts/colors1.xmlPK-!CBXxl/charts/chartEx2.xmlPK-!w^%Fxl/charts/style2.xmlPK-!ndxl/charts/colors2.xmlPK-!Swxl/charts/chartEx3.xmlPK-!)oP\7xl/drawings/drawing3.xmlPK-!
3r;xl/drawings/vmlDrawing2.vmlPK-!/5#xl/worksheets/_rels/sheet6.xml.relsPK-!\#xl/worksheets/_rels/sheet7.xml.relsPK-!Lgi9.","#$xl/worksheets/_rels/sheet8.xml.relsPK-!#W=xl/drawings/drawing4.xmlPK-!rL{xl/drawings/vmlDrawing3.vmlPK-!""@:/","#xl/worksheets/_rels/sheet9.xml.relsPK-!5ImzZxl/drawings/drawing5.xmlPK-!t4xl/drawings/vmlDrawing4.vmlPK-!p"">$xl/worksheets/_rels/sheet10.xml.relsPK-!h$6xl/worksheets/_rels/sheet11.xml.relsPK-!HQ$xl/worksheets/_rels/sheet12.xml.relsPK-!O`)$xl/worksheets/_rels/sheet13.xml.relsPK-!DU#xl/drawings/_rels/drawing2.xml.relsPK-!܁ҏ!xl/charts/_rels/chartEx1.xml.relsPK-!z!ӏ!xl/charts/_rels/chartEx2.xml.relsPK-!xӏ!. xl/charts/_rels/chartEx3.xml.relsPK-!D߼%#@!xl/drawings/_rels/drawing5.xml.relsPK-!&ꇻ%#=""xl/drawings/_rels/drawing6.xml.relsPK-! fe)","I:9#xl/charts/chart1.xmlPK-!khz,xl/drawings/drawing6.xmlPK-! 48xl/drawings/vmlDrawing5.vmlPK-!v
V?xl/charts/chart2.xmlPK-!j?""Jxl/drawings/drawing7.xmlPK-!-9>Pxl/drawings/vmlDrawing6.vmlPK-!1S3""Txl/drawings/drawing8.xmlPK-!_ɔp'Zxl/printerSettings/printerSettings1.binPK-!G]xl/ctrlProps/ctrlProp1.xmlPK-!G]xl/ctrlProps/ctrlProp2.xmlPK-!G^xl/ctrlProps/ctrlProp3.xmlPK-!G_xl/ctrlProps/ctrlProp4.xmlPK-!Gn`xl/ctrlProps/ctrlProp5.xmlPK-!5[}7""Caxl/comments1.xmlPK-!]=G^x'lxl/printerSettings/printerSettings2.binPK-!Gnxl/ctrlProps/ctrlProp6.xmlPK-!Gfoxl/ctrlProps/ctrlProp7.xmlPK-!]=G^x';pxl/printerSettings/printerSettings3.binPK-!Gqxl/ctrlProps/ctrlProp8.xmlPK-!Grxl/ctrlProps/ctrlProp9.xmlPK-!Gsxl/ctrlProps/ctrlProp10.xmlPK-!G^txl/ctrlProps/ctrlProp11.xmlPK-!G4uxl/ctrlProps/ctrlProp12.xmlPK-!G
vxl/ctrlProps/ctrlProp13.xmlPK-!Gvxl/ctrlProps/ctrlProp14.xmlPK-!Gwxl/ctrlProps/ctrlProp15.xmlPK-!Gxxl/ctrlProps/ctrlProp16.xmlPK-!Gbyxl/ctrlProps/ctrlProp17.xmlPK-!G8zxl/ctrlProps/ctrlProp18.xmlPK-!G{xl/ctrlProps/ctrlProp42.xmlPK-!G{xl/ctrlProps/ctrlProp43.xmlPK-!G|xl/ctrlProps/ctrlProp21.xmlPK-!G}xl/ctrlProps/ctrlProp27.xmlPK-!Gf~xl/ctrlProps/ctrlProp28.xmlPK-!G"
